atr_mult,rebound,vol_block,atr_fast,atr_slow,final,max_dd_pct,months_up_pct,median_year_pct,years_up,trades_per_year,ruined
3.8,0.35,0.8,5,150,1189.92,28.3,64.3,9.66,19,91.0,False
3.8,0.35,0.8,5,200,1336.37,23.85,61.2,5.42,19,85.0,False
3.8,0.35,0.8,5,288,1630.08,20.98,63.4,7.89,19,91.0,False
3.8,0.35,0.8,5,400,1145.86,17.96,63.0,9.36,19,93.0,False
3.8,0.35,0.8,10,150,1743.38,14.33,63.0,6.51,18,98.0,False
3.8,0.35,0.8,10,200,1611.71,14.51,67.0,7.4,18,95.0,False
3.8,0.35,0.8,10,288,1227.24,14.46,64.8,7.27,19,98.0,False
3.8,0.35,0.8,10,400,1291.66,14.92,55.9,6.78,18,95.0,False
3.8,0.35,0.8,15,150,1202.96,15.46,54.2,4.66,18,104.0,False
3.8,0.35,0.8,15,200,945.06,14.71,57.3,5.48,15,107.0,False
3.8,0.35,0.8,15,288,848.53,15.54,54.2,3.66,16,104.0,False
3.8,0.35,0.8,15,400,1207.2,15.81,56.8,3.64,17,101.0,False
3.8,0.35,0.8,20,150,1187.85,23.39,56.4,4.9,19,105.0,False
3.8,0.35,0.8,20,200,1022.83,23.7,59.0,6.5,16,111.0,False
3.8,0.35,0.8,20,288,1082.24,22.76,59.0,5.2,17,111.0,False
3.8,0.35,0.8,20,400,1215.3,19.1,62.6,8.69,19,102.0,False
3.8,0.35,0.8,30,150,1195.09,13.95,59.0,9.49,18,107.0,False
3.8,0.35,0.8,30,200,1377.36,12.76,63.9,4.98,19,112.0,False
3.8,0.35,0.8,30,288,1072.2,22.38,55.9,4.98,18,113.0,False
3.8,0.35,0.8,30,400,958.31,11.09,56.4,4.25,16,107.0,False
3.8,0.35,0.9,5,150,1003.74,23.93,57.7,7.41,17,109.0,False
3.8,0.35,0.9,5,200,1229.38,24.12,58.6,6.59,19,99.0,False
3.8,0.35,0.9,5,288,1099.67,24.09,61.7,4.81,18,105.0,False
3.8,0.35,0.9,5,400,1038.89,20.98,62.1,6.1,19,101.0,False
3.8,0.35,0.9,10,150,1262.33,14.67,60.4,7.46,19,113.0,False
3.8,0.35,0.9,10,200,911.41,15.58,57.7,6.8,19,113.0,False
3.8,0.35,0.9,10,288,1154.51,15.28,59.9,6.29,18,115.0,False
3.8,0.35,0.9,10,400,1001.95,14.74,55.5,4.73,16,115.0,False
3.8,0.35,0.9,15,150,1088.59,13.97,56.4,4.78,19,122.0,False
3.8,0.35,0.9,15,200,915.85,18.19,53.3,3.5,19,121.0,False
3.8,0.35,0.9,15,288,813.88,22.07,54.6,4.98,17,120.0,False
3.8,0.35,0.9,15,400,923.26,14.42,53.7,4.29,18,121.0,False
3.8,0.35,0.9,20,150,1213.47,25.72,56.8,9.98,18,126.0,False
3.8,0.35,0.9,20,200,1014.16,29.11,57.7,5.46,16,123.0,False
3.8,0.35,0.9,20,288,680.23,27.06,54.6,4.63,15,125.0,False
3.8,0.35,0.9,20,400,998.6,26.91,56.8,6.85,18,121.0,False
3.8,0.35,0.9,30,150,614.45,31.41,52.0,5.2,16,121.0,False
3.8,0.35,0.9,30,200,573.57,24.89,53.3,1.04,16,128.0,False
3.8,0.35,0.9,30,288,691.75,22.07,50.2,3.98,15,135.0,False
3.8,0.35,0.9,30,400,580.54,17.87,52.4,2.06,14,128.0,False
3.8,0.35,1.0,5,150,795.63,23.87,56.8,4.42,16,113.0,False
3.8,0.35,1.0,5,200,824.02,25.16,54.6,4.39,17,111.0,False
3.8,0.35,1.0,5,288,895.59,24.99,55.5,5.19,17,113.0,False
3.8,0.35,1.0,5,400,884.95,23.2,53.7,7.36,18,113.0,False
3.8,0.35,1.0,10,150,1121.23,20.02,59.9,3.56,15,131.0,False
3.8,0.35,1.0,10,200,714.59,22.39,53.3,7.1,18,126.0,False
3.8,0.35,1.0,10,288,487.03,24.0,53.3,4.88,16,130.0,False
3.8,0.35,1.0,10,400,652.24,20.73,56.8,7.15,18,128.0,False
3.8,0.35,1.0,15,150,576.05,25.72,55.9,6.25,17,135.0,False
3.8,0.35,1.0,15,200,883.05,14.71,54.2,5.55,17,132.0,False
3.8,0.35,1.0,15,288,771.54,18.57,51.5,3.91,15,138.0,False
3.8,0.35,1.0,15,400,886.21,17.72,53.7,5.9,17,133.0,False
3.8,0.35,1.0,20,150,720.41,32.08,54.6,7.93,17,140.0,False
3.8,0.35,1.0,20,200,448.38,35.55,54.2,4.16,16,134.0,False
3.8,0.35,1.0,20,288,563.57,26.87,47.1,2.95,15,143.0,False
3.8,0.35,1.0,20,400,897.01,32.99,58.6,7.46,15,142.0,False
3.8,0.35,1.0,30,150,482.87,36.05,52.0,1.66,12,143.0,False
3.8,0.35,1.0,30,200,471.75,30.7,48.5,1.0,14,145.0,False
3.8,0.35,1.0,30,288,360.25,36.21,49.3,5.2,15,145.0,False
3.8,0.35,1.0,30,400,678.41,36.29,51.1,5.14,14,146.0,False
3.8,0.35,1.1,5,150,492.08,33.23,52.9,7.83,14,122.0,False
3.8,0.35,1.1,5,200,836.55,38.07,54.2,5.39,14,116.0,False
3.8,0.35,1.1,5,288,499.45,36.75,52.0,4.11,15,121.0,False
3.8,0.35,1.1,5,400,678.57,35.49,55.1,7.4,15,122.0,False
3.8,0.35,1.1,10,150,571.16,19.43,55.1,4.09,16,145.0,False
3.8,0.35,1.1,10,200,401.98,30.4,48.9,4.91,14,134.0,False
3.8,0.35,1.1,10,288,566.27,21.27,54.2,5.0,16,144.0,False
3.8,0.35,1.1,10,400,581.48,23.89,55.1,2.43,13,143.0,False
3.8,0.35,1.1,15,150,472.92,38.5,51.1,6.64,14,147.0,False
3.8,0.35,1.1,15,200,606.85,21.24,49.3,3.77,15,141.0,False
3.8,0.35,1.1,15,288,407.33,37.72,54.2,1.53,14,145.0,False
3.8,0.35,1.1,15,400,361.53,30.94,52.4,0.88,11,148.0,False
3.8,0.35,1.1,20,150,382.08,43.69,52.0,5.65,14,150.0,False
3.8,0.35,1.1,20,200,329.2,42.69,48.9,4.02,13,147.0,False
3.8,0.35,1.1,20,288,418.49,47.78,51.5,2.45,14,153.0,False
3.8,0.35,1.1,20,400,554.17,44.19,55.9,8.11,14,157.0,False
3.8,0.35,1.1,30,150,347.31,48.06,47.1,1.85,13,157.0,False
3.8,0.35,1.1,30,200,306.13,74.68,45.4,1.88,13,149.0,False
3.8,0.35,1.1,30,288,239.55,46.9,47.1,0.85,11,158.0,False
3.8,0.35,1.1,30,400,474.93,35.71,48.5,2.5,13,158.0,False
3.8,0.35,1.2,5,150,404.21,33.23,50.2,7.91,16,127.0,False
3.8,0.35,1.2,5,200,665.27,26.89,53.7,5.44,17,132.0,False
3.8,0.35,1.2,5,288,481.7,28.43,51.1,3.42,18,131.0,False
3.8,0.35,1.2,5,400,361.61,51.5,53.7,6.47,14,134.0,False
3.8,0.35,1.2,10,150,482.19,50.08,47.1,1.76,12,147.0,False
3.8,0.35,1.2,10,200,318.59,50.18,49.8,2.13,12,143.0,False
3.8,0.35,1.2,10,288,564.97,52.88,48.0,8.28,14,152.0,False
3.8,0.35,1.2,10,400,391.52,48.98,51.5,1.51,13,151.0,False
3.8,0.35,1.2,15,150,643.68,24.12,51.5,1.41,15,161.0,False
3.8,0.35,1.2,15,200,288.85,55.51,49.3,5.11,12,152.0,False
3.8,0.35,1.2,15,288,182.99,49.46,48.9,0.66,12,157.0,False
3.8,0.35,1.2,15,400,267.58,42.49,50.2,0.25,11,156.0,False
3.8,0.35,1.2,20,150,289.88,45.74,51.1,6.86,15,161.0,False
3.8,0.35,1.2,20,200,235.53,57.25,48.5,1.04,10,155.0,False
3.8,0.35,1.2,20,288,194.22,65.76,47.1,0.44,10,162.0,False
3.8,0.35,1.2,20,400,287.49,54.2,49.8,0.92,10,166.0,False
3.8,0.35,1.2,30,150,188.23,48.18,48.0,2.42,10,168.0,False
3.8,0.35,1.2,30,200,80.7,81.96,45.8,-0.96,8,158.0,False
3.8,0.35,1.2,30,288,136.77,67.92,47.6,1.51,11,167.0,False
3.8,0.35,1.2,30,400,96.96,85.62,48.5,0.26,10,170.0,False
3.8,0.45,0.8,5,150,1389.95,18.41,62.6,6.51,17,87.0,False
3.8,0.45,0.8,5,200,1617.42,18.45,61.7,6.55,19,80.0,False
3.8,0.45,0.8,5,288,1665.8,21.9,66.1,8.95,18,84.0,False
3.8,0.45,0.8,5,400,1555.97,17.92,63.4,6.86,18,80.0,False
3.8,0.45,0.8,10,150,1586.77,13.94,65.2,11.12,19,91.0,False
3.8,0.45,0.8,10,200,1506.07,11.52,65.2,7.47,19,89.0,False
3.8,0.45,0.8,10,288,1597.13,12.25,65.2,5.39,18,93.0,False
3.8,0.45,0.8,10,400,1505.71,12.83,63.4,5.98,18,92.0,False
3.8,0.45,0.8,15,150,1201.12,14.12,61.2,6.73,19,98.0,False
3.8,0.45,0.8,15,200,1475.33,17.55,62.6,6.05,17,98.0,False
3.8,0.45,0.8,15,288,1269.59,13.95,59.0,5.21,19,97.0,False
3.8,0.45,0.8,15,400,1378.37,14.4,65.6,4.88,19,92.0,False
3.8,0.45,0.8,20,150,1493.09,20.55,60.4,6.27,17,97.0,False
3.8,0.45,0.8,20,200,1146.1,23.07,63.4,5.83,16,100.0,False
3.8,0.45,0.8,20,288,1197.34,20.28,61.2,4.85,19,100.0,False
3.8,0.45,0.8,20,400,1709.81,20.61,65.6,6.71,19,97.0,False
3.8,0.45,0.8,30,150,1135.58,11.13,59.5,2.95,19,98.0,False
3.8,0.45,0.8,30,200,1190.52,16.71,62.1,7.32,16,107.0,False
3.8,0.45,0.8,30,288,1243.99,16.04,58.6,6.74,18,105.0,False
3.8,0.45,0.8,30,400,1075.13,16.85,60.4,7.96,16,99.0,False
3.8,0.45,0.9,5,150,1359.84,22.78,58.6,6.44,17,95.0,False
3.8,0.45,0.9,5,200,1477.2,21.76,61.7,8.28,18,95.0,False
3.8,0.45,0.9,5,288,1580.55,23.53,65.2,7.41,19,96.0,False
3.8,0.45,0.9,5,400,1355.5,21.9,60.8,6.25,18,97.0,False
3.8,0.45,0.9,10,150,1124.95,15.09,62.6,10.1,19,106.0,False
3.8,0.45,0.9,10,200,1211.17,15.84,59.5,6.32,19,105.0,False
3.8,0.45,0.9,10,288,1176.05,15.97,59.9,8.44,16,101.0,False
3.8,0.45,0.9,10,400,1236.95,14.64,59.9,8.03,19,110.0,False
3.8,0.45,0.9,15,150,1209.16,16.29,56.8,5.17,18,113.0,False
3.8,0.45,0.9,15,200,1111.27,15.9,56.4,5.11,19,115.0,False
3.8,0.45,0.9,15,288,1069.08,15.9,55.5,6.22,17,114.0,False
3.8,0.45,0.9,15,400,1007.1,16.29,58.1,7.06,18,114.0,False
3.8,0.45,0.9,20,150,843.61,23.48,59.5,5.55,17,116.0,False
3.8,0.45,0.9,20,200,1199.21,23.61,59.0,9.88,17,118.0,False
3.8,0.45,0.9,20,288,861.2,25.85,56.4,7.28,18,115.0,False
3.8,0.45,0.9,20,400,1096.55,24.87,59.9,9.1,17,114.0,False
3.8,0.45,0.9,30,150,1129.15,24.54,58.1,7.3,18,117.0,False
3.8,0.45,0.9,30,200,838.58,23.07,57.3,6.76,15,124.0,False
3.8,0.45,0.9,30,288,870.05,22.78,55.9,8.73,16,122.0,False
3.8,0.45,0.9,30,400,895.61,18.27,52.9,2.82,14,123.0,False
3.8,0.45,1.0,5,150,1332.19,24.13,57.3,6.17,17,105.0,False
3.8,0.45,1.0,5,200,1043.83,23.52,57.3,5.17,17,103.0,False
3.8,0.45,1.0,5,288,1186.3,21.76,54.6,5.57,18,107.0,False
3.8,0.45,1.0,5,400,1257.83,22.67,59.0,3.13,19,111.0,False
3.8,0.45,1.0,10,150,1064.23,21.36,56.4,5.54,18,120.0,False
3.8,0.45,1.0,10,200,1035.39,22.73,55.1,7.89,19,117.0,False
3.8,0.45,1.0,10,288,1109.24,20.59,55.1,4.9,19,122.0,False
3.8,0.45,1.0,10,400,966.04,20.95,59.5,5.61,16,123.0,False
3.8,0.45,1.0,15,150,893.61,15.93,59.0,5.89,17,129.0,False
3.8,0.45,1.0,15,200,1155.49,19.01,62.6,8.87,19,125.0,False
3.8,0.45,1.0,15,288,1163.33,15.9,55.1,5.04,18,129.0,False
3.8,0.45,1.0,15,400,911.87,19.59,53.3,4.81,17,127.0,False
3.8,0.45,1.0,20,150,803.23,31.57,58.1,3.51,16,130.0,False
3.8,0.45,1.0,20,200,877.68,41.9,53.3,4.67,15,131.0,False
3.8,0.45,1.0,20,288,658.36,26.54,51.1,3.25,13,138.0,False
3.8,0.45,1.0,20,400,655.08,31.0,51.5,2.0,14,130.0,False
3.8,0.45,1.0,30,150,738.85,29.75,54.6,2.88,14,133.0,False
3.8,0.45,1.0,30,200,695.74,29.38,53.7,1.15,15,133.0,False
3.8,0.45,1.0,30,288,493.69,32.33,50.2,4.48,13,139.0,False
3.8,0.45,1.0,30,400,566.31,27.65,52.9,3.77,15,137.0,False
3.8,0.45,1.1,5,150,754.53,30.01,56.4,6.39,15,119.0,False
3.8,0.45,1.1,5,200,948.87,25.73,59.0,3.25,18,113.0,False
3.8,0.45,1.1,5,288,782.61,26.58,53.7,4.2,15,117.0,False
3.8,0.45,1.1,5,400,784.79,28.35,55.5,4.15,17,119.0,False
3.8,0.45,1.1,10,150,830.82,25.81,54.6,2.5,16,134.0,False
3.8,0.45,1.1,10,200,812.62,21.87,54.2,7.36,17,124.0,False
3.8,0.45,1.1,10,288,802.63,22.09,52.4,6.87,16,133.0,False
3.8,0.45,1.1,10,400,530.1,20.14,52.4,4.09,16,133.0,False
3.8,0.45,1.1,15,150,560.04,28.59,52.0,2.86,16,137.0,False
3.8,0.45,1.1,15,200,527.01,21.79,54.2,6.43,15,133.0,False
3.8,0.45,1.1,15,288,580.99,38.61,52.9,2.29,16,140.0,False
3.8,0.45,1.1,15,400,834.6,32.8,56.4,6.85,16,142.0,False
3.8,0.45,1.1,20,150,504.39,41.05,54.6,3.26,14,144.0,False
3.8,0.45,1.1,20,200,531.05,27.1,52.0,4.66,17,142.0,False
3.8,0.45,1.1,20,288,476.95,40.46,46.7,0.9,12,145.0,False
3.8,0.45,1.1,20,400,460.28,34.72,51.5,2.53,14,146.0,False
3.8,0.45,1.1,30,150,499.1,54.75,49.8,1.58,13,149.0,False
3.8,0.45,1.1,30,200,442.69,47.17,48.9,1.73,14,146.0,False
3.8,0.45,1.1,30,288,386.81,62.92,45.4,1.44,13,157.0,False
3.8,0.45,1.1,30,400,469.62,59.43,48.5,0.86,12,155.0,False
3.8,0.45,1.2,5,150,603.29,29.44,55.5,1.04,15,121.0,False
3.8,0.45,1.2,5,200,573.89,35.68,56.4,4.23,16,122.0,False
3.8,0.45,1.2,5,288,467.92,30.48,51.1,2.44,17,126.0,False
3.8,0.45,1.2,5,400,495.54,24.07,48.9,1.52,13,119.0,False
3.8,0.45,1.2,10,150,768.01,35.29,55.5,9.27,16,141.0,False
3.8,0.45,1.2,10,200,809.04,34.65,56.4,6.42,15,138.0,False
3.8,0.45,1.2,10,288,692.98,43.14,51.1,2.98,13,139.0,False
3.8,0.45,1.2,10,400,657.45,25.14,53.3,7.77,14,140.0,False
3.8,0.45,1.2,15,150,461.66,27.75,48.9,1.03,12,148.0,False
3.8,0.45,1.2,15,200,625.92,38.04,49.8,7.41,15,142.0,False
3.8,0.45,1.2,15,288,490.23,30.61,51.1,2.38,15,152.0,False
3.8,0.45,1.2,15,400,725.24,29.11,50.2,6.58,15,158.0,False
3.8,0.45,1.2,20,150,418.58,50.69,52.4,5.16,15,159.0,False
3.8,0.45,1.2,20,200,392.48,55.37,50.2,8.08,14,150.0,False
3.8,0.45,1.2,20,288,293.46,45.19,46.7,0.06,11,156.0,False
3.8,0.45,1.2,20,400,261.32,67.99,44.9,0.72,10,153.0,False
3.8,0.45,1.2,30,150,261.83,61.49,49.3,3.38,12,161.0,False
3.8,0.45,1.2,30,200,250.27,53.86,47.6,2.91,13,155.0,False
3.8,0.45,1.2,30,288,109.05,97.25,48.0,0.18,10,162.0,False
3.8,0.45,1.2,30,400,239.11,71.16,47.6,1.06,13,167.0,False
3.8,0.55,0.8,5,150,1303.56,18.64,59.9,5.7,19,78.0,False
3.8,0.55,0.8,5,200,1478.26,23.21,62.1,7.05,19,75.0,False
3.8,0.55,0.8,5,288,1628.39,19.33,63.9,6.4,19,78.0,False
3.8,0.55,0.8,5,400,1623.82,20.28,65.6,5.03,18,78.0,False
3.8,0.55,0.8,10,150,1739.07,12.47,67.0,6.32,18,85.0,False
3.8,0.55,0.8,10,200,1604.5,12.67,64.8,7.41,19,83.0,False
3.8,0.55,0.8,10,288,1723.58,15.02,65.6,9.45,19,88.0,False
3.8,0.55,0.8,10,400,1683.13,15.91,68.3,7.89,18,82.0,False
3.8,0.55,0.8,15,150,1657.26,17.31,64.3,5.92,18,92.0,False
3.8,0.55,0.8,15,200,1446.67,17.93,62.6,6.57,18,92.0,False
3.8,0.55,0.8,15,288,1218.29,18.55,63.9,5.45,18,91.0,False
3.8,0.55,0.8,15,400,1254.45,18.91,60.8,7.15,18,90.0,False
3.8,0.55,0.8,20,150,1168.42,20.54,59.9,3.76,19,92.0,False
3.8,0.55,0.8,20,200,1160.47,24.02,59.5,6.06,18,99.0,False
3.8,0.55,0.8,20,288,919.31,21.8,56.4,8.08,16,94.0,False
3.8,0.55,0.8,20,400,1445.03,21.12,63.0,6.09,17,91.0,False
3.8,0.55,0.8,30,150,1358.27,10.07,60.8,7.39,17,94.0,False
3.8,0.55,0.8,30,200,1213.47,17.01,63.4,7.37,18,100.0,False
3.8,0.55,0.8,30,288,1147.62,19.27,60.4,7.95,17,103.0,False
3.8,0.55,0.8,30,400,1173.23,18.03,59.5,8.99,17,92.0,False
3.8,0.55,0.9,5,150,1267.98,18.94,59.0,7.47,18,95.0,False
3.8,0.55,0.9,5,200,1505.65,22.88,64.8,8.88,18,86.0,False
3.8,0.55,0.9,5,288,1223.87,20.29,58.1,5.98,19,91.0,False
3.8,0.55,0.9,5,400,1280.36,21.25,64.3,8.82,19,93.0,False
3.8,0.55,0.9,10,150,1254.67,14.52,64.3,10.94,17,97.0,False
3.8,0.55,0.9,10,200,1562.16,14.38,67.4,8.49,19,96.0,False
3.8,0.55,0.9,10,288,1135.86,15.39,57.7,4.16,16,97.0,False
3.8,0.55,0.9,10,400,1370.27,16.68,65.2,10.51,19,97.0,False
3.8,0.55,0.9,15,150,1116.75,18.48,57.7,6.16,18,106.0,False
3.8,0.55,0.9,15,200,1130.91,18.1,59.9,5.76,18,104.0,False
3.8,0.55,0.9,15,288,1356.53,17.45,62.1,6.3,17,108.0,False
3.8,0.55,0.9,15,400,1075.9,18.44,62.1,5.65,18,106.0,False
3.8,0.55,0.9,20,150,1125.23,25.13,60.4,3.24,16,109.0,False
3.8,0.55,0.9,20,200,1232.23,26.24,59.9,5.62,17,112.0,False
3.8,0.55,0.9,20,288,1056.42,23.49,62.1,7.07,19,114.0,False
3.8,0.55,0.9,20,400,819.27,23.43,57.7,7.38,16,105.0,False
3.8,0.55,0.9,30,150,1386.24,20.1,62.6,8.04,16,113.0,False
3.8,0.55,0.9,30,200,1150.22,21.84,58.6,6.5,17,118.0,False
3.8,0.55,0.9,30,288,1367.41,17.41,62.1,9.3,18,122.0,False
3.8,0.55,0.9,30,400,830.46,17.28,54.6,7.65,15,110.0,False
3.8,0.55,1.0,5,150,1236.88,23.33,61.7,4.74,17,105.0,False
3.8,0.55,1.0,5,200,1239.54,23.42,61.2,5.31,18,99.0,False
3.8,0.55,1.0,5,288,1086.51,23.21,61.7,8.2,18,100.0,False
3.8,0.55,1.0,5,400,1173.5,19.89,57.3,5.44,15,104.0,False
3.8,0.55,1.0,10,150,1111.87,19.52,56.8,5.4,17,111.0,False
3.8,0.55,1.0,10,200,1086.39,20.82,60.4,11.25,18,108.0,False
3.8,0.55,1.0,10,288,1156.81,20.82,58.6,7.74,18,115.0,False
3.8,0.55,1.0,10,400,1012.93,18.31,60.4,5.22,17,112.0,False
3.8,0.55,1.0,15,150,708.91,26.59,52.9,8.09,17,120.0,False
3.8,0.55,1.0,15,200,842.86,21.15,53.3,6.99,18,116.0,False
3.8,0.55,1.0,15,288,823.43,15.98,56.4,8.96,19,120.0,False
3.8,0.55,1.0,15,400,790.24,17.51,55.5,5.19,17,122.0,False
3.8,0.55,1.0,20,150,838.48,28.59,52.4,4.34,16,119.0,False
3.8,0.55,1.0,20,200,1070.26,33.3,57.7,6.36,17,119.0,False
3.8,0.55,1.0,20,288,552.8,37.05,52.4,4.86,14,129.0,False
3.8,0.55,1.0,20,400,647.74,27.17,52.4,2.46,16,126.0,False
3.8,0.55,1.0,30,150,718.38,30.72,53.7,4.77,16,128.0,False
3.8,0.55,1.0,30,200,1050.94,24.03,54.2,5.8,18,133.0,False
3.8,0.55,1.0,30,288,946.77,20.95,55.5,9.06,17,137.0,False
3.8,0.55,1.0,30,400,823.42,29.31,52.4,7.58,13,133.0,False
3.8,0.55,1.1,5,150,811.96,26.12,57.7,4.28,17,110.0,False
3.8,0.55,1.1,5,200,952.89,23.82,60.8,5.3,17,102.0,False
3.8,0.55,1.1,5,288,854.61,26.28,60.4,6.57,17,108.0,False
3.8,0.55,1.1,5,400,787.71,29.71,57.7,7.13,14,107.0,False
3.8,0.55,1.1,10,150,905.69,19.75,59.0,3.65,18,126.0,False
3.8,0.55,1.1,10,200,940.38,18.31,57.7,8.68,17,117.0,False
3.8,0.55,1.1,10,288,1078.93,21.7,60.4,8.58,18,122.0,False
3.8,0.55,1.1,10,400,1081.74,24.1,61.2,4.47,16,122.0,False
3.8,0.55,1.1,15,150,403.35,25.71,51.5,5.74,15,131.0,False
3.8,0.55,1.1,15,200,714.18,38.65,59.5,7.7,16,125.0,False
3.8,0.55,1.1,15,288,667.95,37.08,51.1,2.98,16,135.0,False
3.8,0.55,1.1,15,400,742.7,34.71,53.3,7.68,16,131.0,False
3.8,0.55,1.1,20,150,744.29,41.91,55.1,5.17,15,136.0,False
3.8,0.55,1.1,20,200,475.1,37.19,49.8,4.1,14,129.0,False
3.8,0.55,1.1,20,288,801.03,35.47,52.0,6.42,16,141.0,False
3.8,0.55,1.1,20,400,741.82,31.36,55.5,3.88,14,139.0,False
3.8,0.55,1.1,30,150,690.1,33.97,54.6,7.79,15,144.0,False
3.8,0.55,1.1,30,200,494.45,38.72,54.2,5.85,14,136.0,False
3.8,0.55,1.1,30,288,342.43,29.96,50.2,1.6,10,147.0,False
3.8,0.55,1.1,30,400,624.36,37.14,49.8,3.16,11,147.0,False
3.8,0.55,1.2,5,150,716.27,40.66,56.4,8.52,16,110.0,False
3.8,0.55,1.2,5,200,801.3,25.48,56.4,4.98,17,107.0,False
3.8,0.55,1.2,5,288,486.02,23.68,55.5,4.56,18,108.0,False
3.8,0.55,1.2,5,400,627.39,38.61,50.7,2.75,14,118.0,False
3.8,0.55,1.2,10,150,697.72,23.82,55.1,5.88,16,131.0,False
3.8,0.55,1.2,10,200,766.11,19.69,56.4,6.7,17,126.0,False
3.8,0.55,1.2,10,288,498.34,32.46,50.7,2.57,13,133.0,False
3.8,0.55,1.2,10,400,842.75,26.65,53.7,9.11,16,127.0,False
3.8,0.55,1.2,15,150,765.63,20.79,54.2,4.21,16,139.0,False
3.8,0.55,1.2,15,200,406.33,35.18,52.0,0.5,11,135.0,False
3.8,0.55,1.2,15,288,489.73,37.11,54.2,1.98,15,143.0,False
3.8,0.55,1.2,15,400,579.56,36.51,51.1,2.44,15,145.0,False
3.8,0.55,1.2,20,150,389.25,50.2,49.3,2.07,14,143.0,False
3.8,0.55,1.2,20,200,440.37,46.04,50.7,0.95,14,139.0,False
3.8,0.55,1.2,20,288,218.69,43.64,53.3,0.62,13,145.0,False
3.8,0.55,1.2,20,400,405.75,29.7,48.9,2.12,15,150.0,False
3.8,0.55,1.2,30,150,316.54,48.89,47.6,1.17,13,152.0,False
3.8,0.55,1.2,30,200,550.74,60.56,51.5,0.91,12,148.0,False
3.8,0.55,1.2,30,288,191.4,44.37,48.0,0.76,11,156.0,False
3.8,0.55,1.2,30,400,601.02,43.59,47.6,2.51,12,163.0,False
3.8,0.65,0.8,5,150,1609.85,18.53,60.8,7.74,17,73.0,False
3.8,0.65,0.8,5,200,1395.18,22.15,59.5,8.0,17,70.0,False
3.8,0.65,0.8,5,288,1261.46,20.25,63.4,6.2,17,71.0,False
3.8,0.65,0.8,5,400,1592.09,22.61,70.9,7.01,16,71.0,False
3.8,0.65,0.8,10,150,1846.73,19.19,66.1,4.87,19,82.0,False
3.8,0.65,0.8,10,200,1752.89,19.37,69.6,8.73,18,77.0,False
3.8,0.65,0.8,10,288,1648.46,24.22,67.8,8.97,19,77.0,False
3.8,0.65,0.8,10,400,1578.97,20.31,66.1,7.7,18,72.0,False
3.8,0.65,0.8,15,150,1819.32,19.67,65.2,5.55,19,86.0,False
3.8,0.65,0.8,15,200,1462.23,19.67,61.2,4.19,18,85.0,False
3.8,0.65,0.8,15,288,1402.18,19.66,62.1,5.29,18,84.0,False
3.8,0.65,0.8,15,400,1271.28,19.66,63.4,6.3,19,82.0,False
3.8,0.65,0.8,20,150,1759.76,17.29,66.1,8.32,19,88.0,False
3.8,0.65,0.8,20,200,1747.58,18.49,63.9,7.53,18,94.0,False
3.8,0.65,0.8,20,288,1283.45,22.4,60.8,7.26,19,91.0,False
3.8,0.65,0.8,20,400,1648.34,19.05,62.1,5.84,18,87.0,False
3.8,0.65,0.8,30,150,1636.67,17.36,68.7,7.92,19,89.0,False
3.8,0.65,0.8,30,200,1606.36,17.32,66.1,7.96,18,94.0,False
3.8,0.65,0.8,30,288,1298.58,18.02,63.4,8.03,18,94.0,False
3.8,0.65,0.8,30,400,1353.66,17.91,63.9,6.48,17,90.0,False
3.8,0.65,0.9,5,150,1274.22,18.53,58.6,7.14,16,83.0,False
3.8,0.65,0.9,5,200,1298.9,17.98,60.8,8.83,18,79.0,False
3.8,0.65,0.9,5,288,1631.47,21.37,63.4,7.73,18,81.0,False
3.8,0.65,0.9,5,400,1385.43,20.27,59.5,7.25,18,84.0,False
3.8,0.65,0.9,10,150,1401.68,18.73,67.8,7.25,18,89.0,False
3.8,0.65,0.9,10,200,1351.8,22.22,65.6,10.65,18,87.0,False
3.8,0.65,0.9,10,288,1447.84,19.18,61.7,9.25,18,92.0,False
3.8,0.65,0.9,10,400,1378.29,18.99,63.0,10.11,18,91.0,False
3.8,0.65,0.9,15,150,1322.16,18.45,63.9,10.89,19,102.0,False
3.8,0.65,0.9,15,200,1270.19,17.55,57.3,4.89,19,100.0,False
3.8,0.65,0.9,15,288,1357.94,17.27,60.4,7.64,17,105.0,False
3.8,0.65,0.9,15,400,1462.52,17.6,60.4,6.68,18,99.0,False
3.8,0.65,0.9,20,150,1059.46,25.56,55.1,5.75,17,100.0,False
3.8,0.65,0.9,20,200,1265.99,23.76,60.4,5.77,18,106.0,False
3.8,0.65,0.9,20,288,776.35,25.64,57.7,11.03,15,106.0,False
3.8,0.65,0.9,20,400,1062.27,22.41,58.6,3.38,19,104.0,False
3.8,0.65,0.9,30,150,1131.62,22.26,61.7,7.93,17,102.0,False
3.8,0.65,0.9,30,200,1609.99,26.12,63.4,9.83,18,110.0,False
3.8,0.65,0.9,30,288,1561.49,18.3,64.8,8.33,19,115.0,False
3.8,0.65,0.9,30,400,1350.9,18.71,64.3,8.89,17,109.0,False
3.8,0.65,1.0,5,150,1015.13,18.48,55.9,5.15,18,94.0,False
3.8,0.65,1.0,5,200,1130.67,19.5,55.9,6.15,19,88.0,False
3.8,0.65,1.0,5,288,1089.09,18.64,59.5,4.12,18,94.0,False
3.8,0.65,1.0,5,400,939.4,21.04,59.9,8.87,17,92.0,False
3.8,0.65,1.0,10,150,1382.26,19.95,61.7,7.16,18,110.0,False
3.8,0.65,1.0,10,200,996.36,23.11,57.7,6.01,17,101.0,False
3.8,0.65,1.0,10,288,1171.85,22.27,59.5,4.68,16,106.0,False
3.8,0.65,1.0,10,400,1206.21,21.53,58.6,7.56,19,103.0,False
3.8,0.65,1.0,15,150,1267.3,18.09,62.1,6.49,19,115.0,False
3.8,0.65,1.0,15,200,1315.79,17.94,60.4,7.11,17,113.0,False
3.8,0.65,1.0,15,288,1047.57,16.92,55.9,7.13,18,115.0,False
3.8,0.65,1.0,15,400,1232.65,16.06,58.1,4.63,18,115.0,False
3.8,0.65,1.0,20,150,1330.34,17.66,54.6,9.31,17,119.0,False
3.8,0.65,1.0,20,200,695.68,19.86,57.7,7.68,16,112.0,False
3.8,0.65,1.0,20,288,754.95,26.27,56.4,4.22,17,120.0,False
3.8,0.65,1.0,20,400,1085.23,26.52,57.7,8.37,18,122.0,False
3.8,0.65,1.0,30,150,971.62,27.82,57.7,4.68,15,124.0,False
3.8,0.65,1.0,30,200,990.58,26.21,56.4,7.67,16,118.0,False
3.8,0.65,1.0,30,288,989.53,23.03,55.5,6.25,17,126.0,False
3.8,0.65,1.0,30,400,966.61,24.4,56.4,4.0,17,124.0,False
3.8,0.65,1.1,5,150,1250.89,23.76,58.1,6.17,19,97.0,False
3.8,0.65,1.1,5,200,1274.18,23.9,61.7,3.93,17,90.0,False
3.8,0.65,1.1,5,288,665.73,24.72,55.1,7.48,19,100.0,False
3.8,0.65,1.1,5,400,1024.5,18.16,57.7,5.05,17,102.0,False
3.8,0.65,1.1,10,150,655.14,31.41,55.1,5.7,16,113.0,False
3.8,0.65,1.1,10,200,1160.03,28.23,59.0,6.77,18,112.0,False
3.8,0.65,1.1,10,288,980.07,24.73,60.4,9.6,17,118.0,False
3.8,0.65,1.1,10,400,886.2,27.05,54.6,7.17,15,115.0,False
3.8,0.65,1.1,15,150,701.36,22.26,54.2,7.01,16,125.0,False
3.8,0.65,1.1,15,200,1346.11,16.51,55.9,4.78,18,124.0,False
3.8,0.65,1.1,15,288,992.67,24.59,56.8,6.79,19,125.0,False
3.8,0.65,1.1,15,400,623.78,22.55,53.3,4.7,15,126.0,False
3.8,0.65,1.1,20,150,914.93,24.08,58.1,6.06,17,125.0,False
3.8,0.65,1.1,20,200,961.79,23.01,55.9,9.24,17,128.0,False
3.8,0.65,1.1,20,288,654.39,32.61,54.2,5.62,16,139.0,False
3.8,0.65,1.1,20,400,977.31,41.04,55.1,5.06,16,134.0,False
3.8,0.65,1.1,30,150,595.67,30.95,51.5,6.73,15,136.0,False
3.8,0.65,1.1,30,200,790.48,33.34,55.1,7.86,17,134.0,False
3.8,0.65,1.1,30,288,730.75,36.82,48.9,2.14,14,136.0,False
3.8,0.65,1.1,30,400,945.14,28.61,53.7,6.17,15,142.0,False
3.8,0.65,1.2,5,150,756.13,23.71,56.8,5.85,16,102.0,False
3.8,0.65,1.2,5,200,620.36,23.71,55.1,8.91,15,104.0,False
3.8,0.65,1.2,5,288,684.15,24.67,56.4,4.83,17,111.0,False
3.8,0.65,1.2,5,400,592.25,24.8,58.1,6.48,16,107.0,False
3.8,0.65,1.2,10,150,501.43,28.04,52.9,4.35,16,120.0,False
3.8,0.65,1.2,10,200,825.02,18.65,55.9,4.05,18,116.0,False
3.8,0.65,1.2,10,288,614.61,23.63,51.1,7.4,19,121.0,False
3.8,0.65,1.2,10,400,780.69,24.06,56.4,4.3,17,121.0,False
3.8,0.65,1.2,15,150,597.86,23.31,52.0,5.24,17,131.0,False
3.8,0.65,1.2,15,200,651.39,23.98,56.8,10.18,17,126.0,False
3.8,0.65,1.2,15,288,541.88,27.53,52.0,3.38,16,136.0,False
3.8,0.65,1.2,15,400,720.16,27.57,53.7,5.17,16,135.0,False
3.8,0.65,1.2,20,150,549.6,41.17,53.7,4.71,12,141.0,False
3.8,0.65,1.2,20,200,628.58,33.63,50.2,5.98,18,136.0,False
3.8,0.65,1.2,20,288,644.69,39.01,54.6,3.51,14,145.0,False
3.8,0.65,1.2,20,400,516.28,52.96,53.3,4.97,13,139.0,False
3.8,0.65,1.2,30,150,489.84,59.02,52.4,5.8,13,146.0,False
3.8,0.65,1.2,30,200,789.35,60.02,53.3,8.51,14,148.0,False
3.8,0.65,1.2,30,288,270.36,63.17,49.3,1.72,11,150.0,False
3.8,0.65,1.2,30,400,383.04,49.25,48.0,3.82,13,150.0,False
3.8,0.75,0.8,5,150,1143.72,20.86,56.4,8.91,16,68.0,False
3.8,0.75,0.8,5,200,1248.63,21.54,60.8,8.6,19,67.0,False
3.8,0.75,0.8,5,288,1276.53,20.11,58.1,5.73,19,64.0,False
3.8,0.75,0.8,5,400,1394.09,22.21,63.9,6.89,19,71.0,False
3.8,0.75,0.8,10,150,1868.23,19.33,67.4,6.44,19,78.0,False
3.8,0.75,0.8,10,200,1540.64,19.31,65.2,8.09,19,73.0,False
3.8,0.75,0.8,10,288,1885.3,18.86,69.6,6.54,19,76.0,False
3.8,0.75,0.8,10,400,1773.75,20.17,68.3,6.66,19,73.0,False
3.8,0.75,0.8,15,150,1498.39,19.85,63.9,5.95,19,79.0,False
3.8,0.75,0.8,15,200,1355.61,20.12,59.9,5.78,19,80.0,False
3.8,0.75,0.8,15,288,1519.58,19.79,68.3,7.08,19,79.0,False
3.8,0.75,0.8,15,400,1635.89,19.79,64.3,6.31,19,76.0,False
3.8,0.75,0.8,20,150,1371.84,15.33,66.1,6.8,18,84.0,False
3.8,0.75,0.8,20,200,1393.58,14.74,64.3,7.22,19,87.0,False
3.8,0.75,0.8,20,288,1623.47,18.56,65.2,6.89,19,87.0,False
3.8,0.75,0.8,20,400,1789.47,12.18,66.5,5.54,19,82.0,False
3.8,0.75,0.8,30,150,1519.31,18.84,64.8,8.5,19,82.0,False
3.8,0.75,0.8,30,200,1574.03,15.64,68.3,7.27,19,84.0,False
3.8,0.75,0.8,30,288,1260.86,14.81,63.9,9.75,18,85.0,False
3.8,0.75,0.8,30,400,1491.18,12.88,66.5,7.4,19,82.0,False
3.8,0.75,0.9,5,150,1367.11,20.73,59.9,8.79,18,78.0,False
3.8,0.75,0.9,5,200,1509.01,20.82,62.6,4.96,18,75.0,False
3.8,0.75,0.9,5,288,1010.54,21.8,60.8,8.77,18,81.0,False
3.8,0.75,0.9,5,400,954.78,21.06,57.3,8.74,19,79.0,False
3.8,0.75,0.9,10,150,1466.82,18.45,63.0,9.73,18,87.0,False
3.8,0.75,0.9,10,200,1634.12,20.16,64.3,6.37,18,85.0,False
3.8,0.75,0.9,10,288,1292.42,19.62,62.6,6.68,18,87.0,False
3.8,0.75,0.9,10,400,1418.91,19.84,62.1,7.4,19,83.0,False
3.8,0.75,0.9,15,150,1583.23,17.25,61.7,7.52,19,95.0,False
3.8,0.75,0.9,15,200,1264.7,17.99,60.8,5.36,19,97.0,False
3.8,0.75,0.9,15,288,1336.81,16.91,63.4,6.6,19,95.0,False
3.8,0.75,0.9,15,400,1561.6,18.63,61.2,4.06,19,95.0,False
3.8,0.75,0.9,20,150,1398.32,15.35,58.6,7.31,18,99.0,False
3.8,0.75,0.9,20,200,1269.07,25.05,59.9,8.44,17,97.0,False
3.8,0.75,0.9,20,288,963.39,24.11,60.4,5.12,17,101.0,False
3.8,0.75,0.9,20,400,1119.11,16.8,60.8,6.88,19,98.0,False
3.8,0.75,0.9,30,150,1464.23,18.39,66.1,8.0,18,97.0,False
3.8,0.75,0.9,30,200,1447.22,21.43,63.0,8.8,17,101.0,False
3.8,0.75,0.9,30,288,1158.9,17.68,60.4,7.13,16,103.0,False
3.8,0.75,0.9,30,400,1393.17,18.26,64.8,6.65,19,100.0,False
3.8,0.75,1.0,5,150,1052.03,21.13,58.6,8.67,16,88.0,False
3.8,0.75,1.0,5,200,1400.77,20.49,55.1,3.73,19,84.0,False
3.8,0.75,1.0,5,288,1058.01,20.77,56.8,6.88,18,86.0,False
3.8,0.75,1.0,5,400,1177.93,22.81,56.8,6.61,17,87.0,False
3.8,0.75,1.0,10,150,1562.46,21.21,65.2,7.75,19,105.0,False
3.8,0.75,1.0,10,200,1141.72,19.7,57.3,5.17,18,95.0,False
3.8,0.75,1.0,10,288,1266.64,21.51,63.9,5.53,18,98.0,False
3.8,0.75,1.0,10,400,1329.34,19.09,61.7,4.71,18,105.0,False
3.8,0.75,1.0,15,150,1125.6,18.61,58.6,5.92,18,108.0,False
3.8,0.75,1.0,15,200,1153.75,18.76,59.5,5.33,19,104.0,False
3.8,0.75,1.0,15,288,980.01,16.14,57.3,5.45,17,105.0,False
3.8,0.75,1.0,15,400,898.6,16.14,56.4,8.65,17,111.0,False
3.8,0.75,1.0,20,150,1430.48,17.84,62.6,7.98,18,112.0,False
3.8,0.75,1.0,20,200,1175.84,17.9,61.7,8.43,19,107.0,False
3.8,0.75,1.0,20,288,1010.06,26.51,58.1,2.9,15,111.0,False
3.8,0.75,1.0,20,400,965.5,31.2,54.2,5.72,15,105.0,False
3.8,0.75,1.0,30,150,1332.4,25.06,61.2,8.22,18,117.0,False
3.8,0.75,1.0,30,200,1268.72,24.85,60.8,6.96,17,114.0,False
3.8,0.75,1.0,30,288,940.69,21.13,59.0,6.79,18,116.0,False
3.8,0.75,1.0,30,400,1281.53,23.44,61.7,2.97,19,120.0,False
3.8,0.75,1.1,5,150,897.11,23.53,58.6,8.32,15,97.0,False
3.8,0.75,1.1,5,200,879.49,21.36,59.0,6.88,18,92.0,False
3.8,0.75,1.1,5,288,818.94,21.46,52.0,5.71,16,92.0,False
3.8,0.75,1.1,5,400,763.68,25.55,56.4,5.85,16,93.0,False
3.8,0.75,1.1,10,150,1090.63,20.23,58.1,6.94,19,111.0,False
3.8,0.75,1.1,10,200,921.91,19.99,53.3,6.35,17,103.0,False
3.8,0.75,1.1,10,288,840.53,20.57,56.8,6.09,17,111.0,False
3.8,0.75,1.1,10,400,1194.62,22.24,60.4,4.67,18,111.0,False
3.8,0.75,1.1,15,150,1263.37,20.49,61.7,8.07,17,122.0,False
3.8,0.75,1.1,15,200,992.82,25.66,63.9,7.6,17,115.0,False
3.8,0.75,1.1,15,288,1016.74,30.53,57.7,3.86,19,120.0,False
3.8,0.75,1.1,15,400,870.86,22.09,59.9,6.75,18,120.0,False
3.8,0.75,1.1,20,150,1137.36,21.05,59.0,3.92,18,124.0,False
3.8,0.75,1.1,20,200,993.47,17.41,56.8,6.37,16,116.0,False
3.8,0.75,1.1,20,288,1073.4,33.77,55.5,3.81,15,125.0,False
3.8,0.75,1.1,20,400,739.84,34.25,54.2,7.38,16,125.0,False
3.8,0.75,1.1,30,150,680.82,33.66,56.4,7.26,15,129.0,False
3.8,0.75,1.1,30,200,1216.5,32.84,59.9,7.78,17,130.0,False
3.8,0.75,1.1,30,288,515.61,30.26,54.6,8.09,13,132.0,False
3.8,0.75,1.1,30,400,674.64,22.94,53.3,6.29,15,134.0,False
3.8,0.75,1.2,5,150,509.54,19.83,52.9,4.61,15,94.0,False
3.8,0.75,1.2,5,200,613.3,26.48,55.5,2.63,13,91.0,False
3.8,0.75,1.2,5,288,751.37,19.78,54.2,7.6,16,99.0,False
3.8,0.75,1.2,5,400,487.28,23.86,51.5,4.68,17,101.0,False
3.8,0.75,1.2,10,150,790.95,23.65,55.9,10.06,18,117.0,False
3.8,0.75,1.2,10,200,769.69,19.25,59.5,7.21,19,113.0,False
3.8,0.75,1.2,10,288,773.69,34.3,56.4,7.76,18,116.0,False
3.8,0.75,1.2,10,400,570.93,24.8,53.7,6.42,16,115.0,False
3.8,0.75,1.2,15,150,879.81,24.79,55.5,7.7,17,127.0,False
3.8,0.75,1.2,15,200,1129.27,21.13,54.6,6.1,17,127.0,False
3.8,0.75,1.2,15,288,660.08,22.94,52.0,6.68,16,133.0,False
3.8,0.75,1.2,15,400,708.17,20.93,56.8,6.81,15,131.0,False
3.8,0.75,1.2,20,150,967.74,31.37,52.0,9.97,17,138.0,False
3.8,0.75,1.2,20,200,795.93,25.22,55.9,9.29,15,126.0,False
3.8,0.75,1.2,20,288,699.51,25.03,52.4,6.81,13,132.0,False
3.8,0.75,1.2,20,400,431.38,36.97,50.2,5.99,13,137.0,False
3.8,0.75,1.2,30,150,687.6,68.74,53.3,5.42,16,143.0,False
3.8,0.75,1.2,30,200,754.94,51.43,57.3,3.68,16,136.0,False
3.8,0.75,1.2,30,288,495.43,31.56,50.7,1.14,12,145.0,False
3.8,0.75,1.2,30,400,657.27,42.9,55.9,1.94,14,149.0,False
4.2,0.35,0.8,5,150,1431.36,16.48,56.8,8.26,18,78.0,False
4.2,0.35,0.8,5,200,1400.99,17.36,62.1,6.74,18,78.0,False
4.2,0.35,0.8,5,288,1224.38,20.96,57.3,8.52,18,82.0,False
4.2,0.35,0.8,5,400,1495.39,19.11,64.8,8.41,19,79.0,False
4.2,0.35,0.8,10,150,1412.76,19.21,61.2,8.95,18,90.0,False
4.2,0.35,0.8,10,200,1421.12,18.71,63.4,6.18,18,86.0,False
4.2,0.35,0.8,10,288,1349.01,19.06,62.6,5.44,19,86.0,False
4.2,0.35,0.8,10,400,1745.03,18.53,64.3,4.96,18,85.0,False
4.2,0.35,0.8,15,150,1300.07,18.04,63.4,9.29,18,92.0,False
4.2,0.35,0.8,15,200,1297.02,18.42,56.8,7.72,18,93.0,False
4.2,0.35,0.8,15,288,1061.93,17.28,58.1,4.81,18,90.0,False
4.2,0.35,0.8,15,400,1697.5,19.31,60.8,6.28,19,93.0,False
4.2,0.35,0.8,20,150,1161.35,15.37,58.6,8.71,17,92.0,False
4.2,0.35,0.8,20,200,1276.53,15.36,59.5,5.66,17,99.0,False
4.2,0.35,0.8,20,288,1339.9,15.36,60.4,6.84,18,101.0,False
4.2,0.35,0.8,20,400,1611.61,15.71,63.4,8.24,18,94.0,False
4.2,0.35,0.8,30,150,1237.37,17.49,59.0,8.48,18,99.0,False
4.2,0.35,0.8,30,200,1269.49,13.16,60.4,8.52,18,107.0,False
4.2,0.35,0.8,30,288,1024.63,17.2,54.2,9.05,18,100.0,False
4.2,0.35,0.8,30,400,1349.21,17.53,63.0,6.78,18,99.0,False
4.2,0.35,0.9,5,150,1119.24,25.41,66.1,5.94,19,96.0,False
4.2,0.35,0.9,5,200,798.17,23.81,56.8,6.58,17,87.0,False
4.2,0.35,0.9,5,288,1403.98,21.38,63.4,6.51,19,89.0,False
4.2,0.35,0.9,5,400,1012.41,21.38,58.1,4.82,18,92.0,False
4.2,0.35,0.9,10,150,968.43,18.42,58.1,9.2,18,104.0,False
4.2,0.35,0.9,10,200,931.74,17.98,58.6,6.82,16,102.0,False
4.2,0.35,0.9,10,288,1018.48,17.55,56.8,7.34,17,99.0,False
4.2,0.35,0.9,10,400,1256.82,19.78,61.7,8.4,18,103.0,False
4.2,0.35,0.9,15,150,1302.22,18.89,53.3,6.66,16,108.0,False
4.2,0.35,0.9,15,200,1039.35,17.96,57.3,4.89,17,104.0,False
4.2,0.35,0.9,15,288,968.9,18.47,59.0,10.32,16,109.0,False
4.2,0.35,0.9,15,400,1015.6,18.18,57.3,4.91,18,109.0,False
4.2,0.35,0.9,20,150,978.18,18.3,59.5,7.07,17,115.0,False
4.2,0.35,0.9,20,200,1120.46,17.31,57.3,7.04,18,112.0,False
4.2,0.35,0.9,20,288,1043.83,17.12,60.8,9.04,17,115.0,False
4.2,0.35,0.9,20,400,1184.29,18.08,57.7,6.47,17,112.0,False
4.2,0.35,0.9,30,150,756.41,27.64,52.9,4.71,15,116.0,False
4.2,0.35,0.9,30,200,1103.58,26.4,54.6,4.94,18,120.0,False
4.2,0.35,0.9,30,288,967.11,15.03,54.6,7.45,16,124.0,False
4.2,0.35,0.9,30,400,867.86,17.66,52.4,3.54,14,123.0,False
4.2,0.35,1.0,5,150,778.79,25.73,56.4,9.2,17,107.0,False
4.2,0.35,1.0,5,200,1126.98,26.62,61.2,7.74,17,92.0,False
4.2,0.35,1.0,5,288,1071.28,21.38,57.3,7.85,19,94.0,False
4.2,0.35,1.0,5,400,1047.55,26.16,54.6,5.69,16,102.0,False
4.2,0.35,1.0,10,150,814.72,18.8,55.9,5.13,17,118.0,False
4.2,0.35,1.0,10,200,872.53,19.56,55.1,4.59,17,110.0,False
4.2,0.35,1.0,10,288,928.98,20.57,57.7,5.51,18,116.0,False
4.2,0.35,1.0,10,400,893.59,17.66,54.2,6.59,17,121.0,False
4.2,0.35,1.0,15,150,993.43,21.52,53.3,6.38,16,125.0,False
4.2,0.35,1.0,15,200,972.27,19.13,52.9,4.05,16,114.0,False
4.2,0.35,1.0,15,288,832.0,21.05,55.1,2.76,16,123.0,False
4.2,0.35,1.0,15,400,1147.13,21.42,59.0,5.47,14,118.0,False
4.2,0.35,1.0,20,150,871.74,18.35,57.7,1.85,17,130.0,False
4.2,0.35,1.0,20,200,674.09,18.35,49.8,9.3,16,126.0,False
4.2,0.35,1.0,20,288,752.65,29.35,53.7,4.64,17,129.0,False
4.2,0.35,1.0,20,400,833.85,24.87,55.9,5.35,17,130.0,False
4.2,0.35,1.0,30,150,761.86,33.82,53.3,6.71,15,130.0,False
4.2,0.35,1.0,30,200,414.55,34.02,49.8,4.21,14,131.0,False
4.2,0.35,1.0,30,288,895.45,19.5,50.7,3.21,14,140.0,False
4.2,0.35,1.0,30,400,978.0,16.3,55.1,6.05,16,136.0,False
4.2,0.35,1.1,5,150,852.04,26.19,56.4,5.73,17,110.0,False
4.2,0.35,1.1,5,200,767.11,24.56,53.3,8.69,17,108.0,False
4.2,0.35,1.1,5,288,768.63,27.01,54.2,7.56,17,109.0,False
4.2,0.35,1.1,5,400,557.88,22.88,53.7,3.84,14,109.0,False
4.2,0.35,1.1,10,150,1021.4,18.43,57.7,6.41,19,126.0,False
4.2,0.35,1.1,10,200,929.43,18.41,58.1,6.55,17,121.0,False
4.2,0.35,1.1,10,288,842.4,22.07,52.4,5.28,17,127.0,False
4.2,0.35,1.1,10,400,969.61,19.54,54.2,3.17,17,128.0,False
4.2,0.35,1.1,15,150,755.3,24.1,53.3,6.76,17,132.0,False
4.2,0.35,1.1,15,200,727.36,22.31,53.3,4.89,18,129.0,False
4.2,0.35,1.1,15,288,490.26,29.43,55.1,1.21,16,133.0,False
4.2,0.35,1.1,15,400,545.55,31.01,52.0,7.06,14,136.0,False
4.2,0.35,1.1,20,150,558.0,44.58,52.4,3.53,16,143.0,False
4.2,0.35,1.1,20,200,521.08,43.94,50.7,1.39,15,132.0,False
4.2,0.35,1.1,20,288,542.14,39.68,50.2,1.31,14,143.0,False
4.2,0.35,1.1,20,400,757.34,42.59,52.0,5.43,15,145.0,False
4.2,0.35,1.1,30,150,456.55,66.85,49.8,1.53,13,146.0,False
4.2,0.35,1.1,30,200,545.7,53.94,54.2,2.97,13,145.0,False
4.2,0.35,1.1,30,288,223.67,50.31,50.2,1.14,11,151.0,False
4.2,0.35,1.1,30,400,421.61,46.39,46.7,0.17,10,153.0,False
4.2,0.35,1.2,5,150,564.09,25.18,54.6,4.15,13,119.0,False
4.2,0.35,1.2,5,200,741.34,30.58,54.6,5.65,17,117.0,False
4.2,0.35,1.2,5,288,605.73,24.97,52.9,3.18,16,116.0,False
4.2,0.35,1.2,5,400,432.25,44.08,51.5,4.56,14,115.0,False
4.2,0.35,1.2,10,150,775.79,24.85,54.2,5.32,16,139.0,False
4.2,0.35,1.2,10,200,498.21,31.81,52.9,2.59,14,132.0,False
4.2,0.35,1.2,10,288,496.09,26.01,49.8,4.86,14,142.0,False
4.2,0.35,1.2,10,400,746.93,28.71,51.1,4.88,17,146.0,False
4.2,0.35,1.2,15,150,609.63,40.47,49.8,5.97,15,146.0,False
4.2,0.35,1.2,15,200,688.5,49.1,51.1,6.58,17,141.0,False
4.2,0.35,1.2,15,288,347.37,40.87,51.1,1.59,13,148.0,False
4.2,0.35,1.2,15,400,341.64,53.87,44.9,3.27,14,144.0,False
4.2,0.35,1.2,20,150,494.55,52.05,52.4,3.71,13,154.0,False
4.2,0.35,1.2,20,200,386.79,51.91,49.3,2.65,12,145.0,False
4.2,0.35,1.2,20,288,257.17,63.82,48.0,0.56,12,155.0,False
4.2,0.35,1.2,20,400,284.46,59.46,47.1,-0.92,7,155.0,False
4.2,0.35,1.2,30,150,268.72,63.97,50.2,1.07,11,158.0,False
4.2,0.35,1.2,30,200,331.53,68.5,47.6,5.6,12,154.0,False
4.2,0.35,1.2,30,288,218.61,109.91,46.3,8.97,10,164.0,True
4.2,0.35,1.2,30,400,343.48,64.0,48.5,3.07,15,164.0,False
4.2,0.45,0.8,5,150,1353.2,19.71,59.5,6.14,18,75.0,False
4.2,0.45,0.8,5,200,1579.49,19.56,63.4,7.66,18,71.0,False
4.2,0.45,0.8,5,288,1510.55,18.15,60.8,5.44,17,74.0,False
4.2,0.45,0.8,5,400,1525.11,17.82,66.5,4.06,19,74.0,False
4.2,0.45,0.8,10,150,1551.56,18.67,63.4,4.35,19,83.0,False
4.2,0.45,0.8,10,200,1458.67,18.72,63.4,7.4,19,80.0,False
4.2,0.45,0.8,10,288,1370.09,19.16,62.6,7.74,18,83.0,False
4.2,0.45,0.8,10,400,1251.58,18.42,62.6,6.16,19,79.0,False
4.2,0.45,0.8,15,150,1350.19,24.22,59.9,7.73,18,84.0,False
4.2,0.45,0.8,15,200,1377.44,20.74,65.6,2.85,18,86.0,False
4.2,0.45,0.8,15,288,1622.0,23.2,63.4,5.8,19,89.0,False
4.2,0.45,0.8,15,400,1818.32,18.47,63.9,9.1,18,85.0,False
4.2,0.45,0.8,20,150,1656.59,17.08,65.6,8.41,19,87.0,False
4.2,0.45,0.8,20,200,1241.91,17.55,60.4,6.16,18,91.0,False
4.2,0.45,0.8,20,288,1600.33,16.3,65.6,5.8,17,94.0,False
4.2,0.45,0.8,20,400,1838.56,19.15,68.3,8.3,19,86.0,False
4.2,0.45,0.8,30,150,1957.29,11.72,64.3,7.01,17,92.0,False
4.2,0.45,0.8,30,200,1313.56,12.86,61.7,7.34,18,96.0,False
4.2,0.45,0.8,30,288,1383.07,12.85,63.9,9.35,18,95.0,False
4.2,0.45,0.8,30,400,1636.23,11.56,63.9,4.51,19,94.0,False
4.2,0.45,0.9,5,150,1139.17,18.23,59.5,5.91,19,88.0,False
4.2,0.45,0.9,5,200,1335.77,19.45,60.8,5.97,18,82.0,False
4.2,0.45,0.9,5,288,1197.52,19.01,59.5,7.13,18,88.0,False
4.2,0.45,0.9,5,400,1252.3,18.19,59.9,6.05,16,85.0,False
4.2,0.45,0.9,10,150,1447.58,17.46,59.9,5.21,18,95.0,False
4.2,0.45,0.9,10,200,1445.3,17.41,60.8,6.75,19,91.0,False
4.2,0.45,0.9,10,288,1231.99,17.62,62.1,10.04,19,97.0,False
4.2,0.45,0.9,10,400,1446.71,19.41,65.2,8.24,17,93.0,False
4.2,0.45,0.9,15,150,1125.81,25.42,59.0,5.89,18,99.0,False
4.2,0.45,0.9,15,200,1279.9,23.45,54.2,5.08,19,99.0,False
4.2,0.45,0.9,15,288,1168.07,24.46,55.9,6.21,17,101.0,False
4.2,0.45,0.9,15,400,1202.41,24.15,60.4,2.68,18,101.0,False
4.2,0.45,0.9,20,150,1181.39,16.22,60.8,7.75,17,104.0,False
4.2,0.45,0.9,20,200,1317.08,18.2,61.7,7.74,16,107.0,False
4.2,0.45,0.9,20,288,1452.06,15.92,63.4,6.83,19,107.0,False
4.2,0.45,0.9,20,400,1227.19,19.82,59.9,3.86,19,103.0,False
4.2,0.45,0.9,30,150,861.99,22.14,53.3,5.03,18,105.0,False
4.2,0.45,0.9,30,200,1025.62,25.19,61.7,7.31,17,113.0,False
4.2,0.45,0.9,30,288,1196.27,19.12,63.0,7.63,18,115.0,False
4.2,0.45,0.9,30,400,1190.59,17.04,59.5,5.25,19,113.0,False
4.2,0.45,1.0,5,150,1139.3,23.43,55.9,9.19,17,97.0,False
4.2,0.45,1.0,5,200,1192.03,23.85,58.1,9.07,18,94.0,False
4.2,0.45,1.0,5,288,1185.74,21.35,59.9,6.41,19,92.0,False
4.2,0.45,1.0,5,400,1380.39,18.17,61.2,7.26,18,99.0,False
4.2,0.45,1.0,10,150,1135.44,17.11,57.3,5.9,18,111.0,False
4.2,0.45,1.0,10,200,1220.73,17.88,58.1,5.11,19,100.0,False
4.2,0.45,1.0,10,288,1452.4,17.83,61.7,9.52,18,112.0,False
4.2,0.45,1.0,10,400,1222.8,18.54,56.8,7.51,19,111.0,False
4.2,0.45,1.0,15,150,1038.08,26.72,57.7,2.36,13,111.0,False
4.2,0.45,1.0,15,200,1040.14,21.52,57.7,4.96,18,109.0,False
4.2,0.45,1.0,15,288,997.62,24.21,53.3,5.07,18,116.0,False
4.2,0.45,1.0,15,400,1133.11,24.32,61.7,5.44,18,119.0,False
4.2,0.45,1.0,20,150,1058.5,19.36,55.1,7.47,18,125.0,False
4.2,0.45,1.0,20,200,1193.7,20.0,57.3,7.33,18,115.0,False
4.2,0.45,1.0,20,288,966.03,28.19,60.8,4.9,15,122.0,False
4.2,0.45,1.0,20,400,902.12,21.89,57.7,6.85,17,121.0,False
4.2,0.45,1.0,30,150,938.29,23.82,56.4,8.9,19,128.0,False
4.2,0.45,1.0,30,200,1059.42,23.62,59.5,8.16,18,124.0,False
4.2,0.45,1.0,30,288,823.88,21.14,50.7,2.33,15,130.0,False
4.2,0.45,1.0,30,400,517.67,31.45,52.9,6.35,16,125.0,False
4.2,0.45,1.1,5,150,770.37,28.43,55.1,4.75,13,106.0,False
4.2,0.45,1.1,5,200,1166.59,22.54,60.4,4.7,17,101.0,False
4.2,0.45,1.1,5,288,834.25,27.36,55.1,4.27,16,104.0,False
4.2,0.45,1.1,5,400,418.69,22.63,48.5,4.3,15,104.0,False
4.2,0.45,1.1,10,150,1069.89,24.05,58.1,6.37,16,119.0,False
4.2,0.45,1.1,10,200,741.55,19.11,54.2,6.57,17,114.0,False
4.2,0.45,1.1,10,288,683.65,24.4,53.3,3.07,17,124.0,False
4.2,0.45,1.1,10,400,767.74,21.72,54.2,5.55,17,121.0,False
4.2,0.45,1.1,15,150,938.03,26.94,58.6,6.22,18,128.0,False
4.2,0.45,1.1,15,200,976.96,33.21,59.5,3.84,17,122.0,False
4.2,0.45,1.1,15,288,768.94,33.46,48.9,6.05,14,130.0,False
4.2,0.45,1.1,15,400,951.14,35.16,55.5,4.57,15,129.0,False
4.2,0.45,1.1,20,150,678.7,24.89,54.6,4.21,17,136.0,False
4.2,0.45,1.1,20,200,487.25,29.88,49.3,7.27,18,126.0,False
4.2,0.45,1.1,20,288,484.55,34.63,52.0,4.25,15,138.0,False
4.2,0.45,1.1,20,400,783.88,30.09,53.7,6.02,15,134.0,False
4.2,0.45,1.1,30,150,894.46,62.83,52.4,2.39,16,144.0,False
4.2,0.45,1.1,30,200,537.42,40.72,48.9,0.65,14,135.0,False
4.2,0.45,1.1,30,288,477.83,50.86,53.7,4.57,12,145.0,False
4.2,0.45,1.1,30,400,526.13,58.58,52.0,4.65,14,143.0,False
4.2,0.45,1.2,5,150,781.98,27.1,55.9,8.18,16,116.0,False
4.2,0.45,1.2,5,200,864.2,25.38,52.4,5.68,15,107.0,False
4.2,0.45,1.2,5,288,699.84,31.66,54.2,7.15,16,110.0,False
4.2,0.45,1.2,5,400,566.86,27.79,49.8,4.55,14,112.0,False
4.2,0.45,1.2,10,150,579.27,29.36,54.6,6.12,15,124.0,False
4.2,0.45,1.2,10,200,1052.1,17.14,54.2,5.93,16,122.0,False
4.2,0.45,1.2,10,288,620.54,30.35,49.3,2.84,14,132.0,False
4.2,0.45,1.2,10,400,447.51,33.64,47.1,3.23,15,130.0,False
4.2,0.45,1.2,15,150,727.36,34.36,56.4,7.21,16,136.0,False
4.2,0.45,1.2,15,200,530.93,38.89,52.9,5.4,14,132.0,False
4.2,0.45,1.2,15,288,625.99,38.07,46.7,5.07,14,135.0,False
4.2,0.45,1.2,15,400,837.17,26.12,54.6,2.92,14,139.0,False
4.2,0.45,1.2,20,150,666.02,38.49,46.7,2.71,12,142.0,False
4.2,0.45,1.2,20,200,285.16,32.57,47.6,0.31,11,135.0,False
4.2,0.45,1.2,20,288,386.39,54.83,50.2,0.66,11,143.0,False
4.2,0.45,1.2,20,400,467.26,57.6,49.8,5.6,12,142.0,False
4.2,0.45,1.2,30,150,315.83,38.78,43.2,1.6,12,152.0,False
4.2,0.45,1.2,30,200,509.9,55.31,50.2,8.6,14,144.0,False
4.2,0.45,1.2,30,288,150.48,67.51,46.7,0.64,12,155.0,False
4.2,0.45,1.2,30,400,147.61,79.98,46.3,-0.53,9,150.0,False
4.2,0.55,0.8,5,150,1596.64,19.21,64.3,7.99,18,72.0,False
4.2,0.55,0.8,5,200,1486.24,19.56,61.2,8.48,19,70.0,False
4.2,0.55,0.8,5,288,1306.84,19.17,62.1,5.65,19,66.0,False
4.2,0.55,0.8,5,400,1339.2,18.35,62.1,5.09,19,68.0,False
4.2,0.55,0.8,10,150,1262.01,18.32,61.7,5.89,18,78.0,False
4.2,0.55,0.8,10,200,1033.72,19.21,60.8,6.15,16,78.0,False
4.2,0.55,0.8,10,288,1618.41,18.65,60.8,5.41,19,80.0,False
4.2,0.55,0.8,10,400,1561.18,18.69,63.9,9.34,19,75.0,False
4.2,0.55,0.8,15,150,1683.11,18.62,62.6,8.62,18,82.0,False
4.2,0.55,0.8,15,200,1426.16,20.72,63.9,8.61,18,84.0,False
4.2,0.55,0.8,15,288,1748.73,20.1,69.2,4.01,19,83.0,False
4.2,0.55,0.8,15,400,1642.01,21.45,67.0,8.25,18,80.0,False
4.2,0.55,0.8,20,150,1133.56,17.45,61.7,6.47,17,83.0,False
4.2,0.55,0.8,20,200,1397.68,18.23,65.2,4.23,17,86.0,False
4.2,0.55,0.8,20,288,1489.83,21.38,70.0,5.9,19,84.0,False
4.2,0.55,0.8,20,400,1397.05,19.94,63.4,6.52,18,81.0,False
4.2,0.55,0.8,30,150,1695.84,9.68,61.2,7.58,19,84.0,False
4.2,0.55,0.8,30,200,1308.66,19.83,62.1,7.86,18,91.0,False
4.2,0.55,0.8,30,288,1759.36,20.03,65.6,7.05,19,95.0,False
4.2,0.55,0.8,30,400,1637.21,9.4,66.5,6.92,18,88.0,False
4.2,0.55,0.9,5,150,1451.91,18.08,60.4,6.05,18,79.0,False
4.2,0.55,0.9,5,200,1203.11,18.36,63.9,4.09,19,76.0,False
4.2,0.55,0.9,5,288,1203.02,19.31,64.3,5.12,19,76.0,False
4.2,0.55,0.9,5,400,1229.97,18.46,63.0,6.05,19,78.0,False
4.2,0.55,0.9,10,150,1353.38,17.42,59.5,4.99,17,86.0,False
4.2,0.55,0.9,10,200,1365.46,19.4,59.9,7.09,16,90.0,False
4.2,0.55,0.9,10,288,1283.09,20.88,60.4,5.48,19,87.0,False
4.2,0.55,0.9,10,400,1281.83,18.96,58.6,5.52,19,86.0,False
4.2,0.55,0.9,15,150,1434.88,23.88,63.9,7.43,19,94.0,False
4.2,0.55,0.9,15,200,1617.26,23.53,62.1,5.55,19,100.0,False
4.2,0.55,0.9,15,288,1335.75,24.59,63.4,6.8,18,100.0,False
4.2,0.55,0.9,15,400,1706.8,23.61,67.0,5.19,19,94.0,False
4.2,0.55,0.9,20,150,1127.22,18.09,60.8,4.94,19,97.0,False
4.2,0.55,0.9,20,200,1044.3,17.95,62.6,6.19,17,95.0,False
4.2,0.55,0.9,20,288,1030.82,16.85,55.1,6.35,18,98.0,False
4.2,0.55,0.9,20,400,1118.95,18.4,63.4,6.12,19,96.0,False
4.2,0.55,0.9,30,150,1258.08,13.2,61.7,4.2,17,102.0,False
4.2,0.55,0.9,30,200,1399.67,18.42,61.2,10.01,17,108.0,False
4.2,0.55,0.9,30,288,1146.03,20.27,63.9,8.04,19,104.0,False
4.2,0.55,0.9,30,400,1452.83,20.49,60.8,6.78,18,104.0,False
4.2,0.55,1.0,5,150,1127.31,18.56,59.5,10.41,19,92.0,False
4.2,0.55,1.0,5,200,1179.08,19.01,60.8,6.08,18,85.0,False
4.2,0.55,1.0,5,288,1129.82,19.63,59.5,6.31,17,88.0,False
4.2,0.55,1.0,5,400,1262.59,20.85,55.9,4.45,17,90.0,False
4.2,0.55,1.0,10,150,1105.64,22.62,58.6,8.67,18,100.0,False
4.2,0.55,1.0,10,200,1339.49,20.47,56.8,6.76,17,95.0,False
4.2,0.55,1.0,10,288,1358.41,17.95,59.9,4.91,18,100.0,False
4.2,0.55,1.0,10,400,1504.87,17.92,61.7,5.94,19,101.0,False
4.2,0.55,1.0,15,150,1386.02,26.7,64.3,9.32,18,105.0,False
4.2,0.55,1.0,15,200,1125.6,24.4,57.7,7.95,18,104.0,False
4.2,0.55,1.0,15,288,900.35,25.88,56.8,4.67,18,109.0,False
4.2,0.55,1.0,15,400,1245.6,24.48,61.2,7.3,19,114.0,False
4.2,0.55,1.0,20,150,1264.1,21.38,58.6,6.4,19,110.0,False
4.2,0.55,1.0,20,200,1126.99,17.7,59.9,5.63,18,107.0,False
4.2,0.55,1.0,20,288,1110.36,19.16,59.5,6.02,18,112.0,False
4.2,0.55,1.0,20,400,1051.16,18.7,57.7,8.28,19,111.0,False
4.2,0.55,1.0,30,150,890.54,29.98,58.1,8.31,16,118.0,False
4.2,0.55,1.0,30,200,862.13,24.06,57.7,7.49,17,116.0,False
4.2,0.55,1.0,30,288,1293.69,23.44,55.5,7.53,17,126.0,False
4.2,0.55,1.0,30,400,882.59,20.26,58.1,3.38,18,125.0,False
4.2,0.55,1.1,5,150,968.04,26.36,57.3,10.57,18,99.0,False
4.2,0.55,1.1,5,200,1052.79,25.23,57.7,9.36,18,98.0,False
4.2,0.55,1.1,5,288,914.44,26.9,57.7,7.56,17,100.0,False
4.2,0.55,1.1,5,400,822.25,22.89,50.7,6.73,16,99.0,False
4.2,0.55,1.1,10,150,1342.44,18.51,59.0,8.65,18,115.0,False
4.2,0.55,1.1,10,200,1000.99,18.39,52.0,3.97,17,104.0,False
4.2,0.55,1.1,10,288,1439.45,20.76,61.2,8.23,18,112.0,False
4.2,0.55,1.1,10,400,998.4,18.7,60.4,7.99,17,112.0,False
4.2,0.55,1.1,15,150,1247.13,21.96,59.9,6.22,17,120.0,False
4.2,0.55,1.1,15,200,702.45,22.27,53.3,6.04,18,117.0,False
4.2,0.55,1.1,15,288,874.85,24.08,57.7,4.94,16,123.0,False
4.2,0.55,1.1,15,400,913.3,23.56,56.4,5.21,16,119.0,False
4.2,0.55,1.1,20,150,1042.86,35.95,53.3,5.45,15,121.0,False
4.2,0.55,1.1,20,200,769.5,34.55,56.8,7.54,18,119.0,False
4.2,0.55,1.1,20,288,949.04,33.26,56.4,5.17,16,125.0,False
4.2,0.55,1.1,20,400,967.82,20.22,57.7,8.6,18,126.0,False
4.2,0.55,1.1,30,150,870.32,40.18,50.7,6.73,17,134.0,False
4.2,0.55,1.1,30,200,850.53,27.14,57.3,11.52,15,130.0,False
4.2,0.55,1.1,30,288,797.24,36.82,55.9,6.28,16,139.0,False
4.2,0.55,1.1,30,400,624.6,20.81,56.8,6.53,15,135.0,False
4.2,0.55,1.2,5,150,808.78,30.66,55.9,7.17,16,101.0,False
4.2,0.55,1.2,5,200,726.68,22.45,51.5,4.02,19,96.0,False
4.2,0.55,1.2,5,288,430.69,35.99,46.7,5.06,14,103.0,False
4.2,0.55,1.2,5,400,664.15,32.62,58.1,3.59,16,105.0,False
4.2,0.55,1.2,10,150,1109.32,18.16,53.3,9.19,18,122.0,False
4.2,0.55,1.2,10,200,855.33,22.98,55.9,8.47,18,111.0,False
4.2,0.55,1.2,10,288,648.57,18.03,52.4,2.64,16,125.0,False
4.2,0.55,1.2,10,400,787.94,24.59,52.0,2.42,18,125.0,False
4.2,0.55,1.2,15,150,547.31,38.9,49.8,4.57,17,128.0,False
4.2,0.55,1.2,15,200,648.68,40.5,48.5,5.43,15,122.0,False
4.2,0.55,1.2,15,288,564.0,25.83,48.9,2.51,14,129.0,False
4.2,0.55,1.2,15,400,404.7,39.51,51.1,1.99,14,129.0,False
4.2,0.55,1.2,20,150,427.63,26.78,49.3,3.83,16,137.0,False
4.2,0.55,1.2,20,200,535.78,40.31,52.9,1.26,15,123.0,False
4.2,0.55,1.2,20,288,286.73,24.67,49.3,2.94,14,134.0,False
4.2,0.55,1.2,20,400,512.88,30.73,50.2,8.46,14,140.0,False
4.2,0.55,1.2,30,150,544.59,44.01,51.1,2.19,15,144.0,False
4.2,0.55,1.2,30,200,505.51,48.12,51.5,1.1,14,140.0,False
4.2,0.55,1.2,30,288,436.78,55.28,50.7,0.59,12,148.0,False
4.2,0.55,1.2,30,400,554.96,46.33,54.2,2.55,14,150.0,False
4.2,0.65,0.8,5,150,1497.2,18.74,61.2,6.63,16,63.0,False
4.2,0.65,0.8,5,200,1675.15,18.38,65.2,5.6,18,61.0,False
4.2,0.65,0.8,5,288,1238.37,19.78,60.8,5.51,19,64.0,False
4.2,0.65,0.8,5,400,1499.83,18.38,63.4,5.93,17,67.0,False
4.2,0.65,0.8,10,150,1196.58,19.37,59.0,8.49,17,70.0,False
4.2,0.65,0.8,10,200,1175.8,19.37,59.9,6.06,18,67.0,False
4.2,0.65,0.8,10,288,1461.28,19.44,63.0,6.52,18,70.0,False
4.2,0.65,0.8,10,400,1366.67,20.2,62.1,5.09,19,71.0,False
4.2,0.65,0.8,15,150,1291.56,19.46,60.4,7.08,18,74.0,False
4.2,0.65,0.8,15,200,1764.89,19.02,66.5,5.26,19,80.0,False
4.2,0.65,0.8,15,288,1511.68,20.38,64.8,6.23,19,76.0,False
4.2,0.65,0.8,15,400,1884.18,19.51,70.0,5.77,19,71.0,False
4.2,0.65,0.8,20,150,1388.96,20.18,62.1,8.25,18,76.0,False
4.2,0.65,0.8,20,200,1515.51,20.65,63.0,7.55,19,78.0,False
4.2,0.65,0.8,20,288,1233.05,21.04,64.3,7.02,18,81.0,False
4.2,0.65,0.8,20,400,1898.49,20.04,67.0,7.05,19,79.0,False
4.2,0.65,0.8,30,150,1607.62,13.59,63.4,5.52,19,80.0,False
4.2,0.65,0.8,30,200,1441.25,19.44,60.8,5.3,18,85.0,False
4.2,0.65,0.8,30,288,1537.92,19.44,67.0,5.64,18,84.0,False
4.2,0.65,0.8,30,400,1565.65,13.63,63.0,7.93,17,79.0,False
4.2,0.65,0.9,5,150,1181.21,18.58,58.1,8.69,19,78.0,False
4.2,0.65,0.9,5,200,1185.02,18.6,61.2,9.82,18,73.0,False
4.2,0.65,0.9,5,288,1182.49,18.89,60.8,7.16,18,74.0,False
4.2,0.65,0.9,5,400,1368.58,18.89,59.0,6.81,17,78.0,False
4.2,0.65,0.9,10,150,1320.39,20.0,63.9,5.92,18,80.0,False
4.2,0.65,0.9,10,200,1063.8,19.37,61.7,6.2,19,84.0,False
4.2,0.65,0.9,10,288,1142.65,19.49,62.1,7.37,18,85.0,False
4.2,0.65,0.9,10,400,1141.33,20.31,60.8,6.12,17,80.0,False
4.2,0.65,0.9,15,150,1276.71,23.91,59.0,5.59,19,86.0,False
4.2,0.65,0.9,15,200,1580.49,23.88,63.9,8.62,19,89.0,False
4.2,0.65,0.9,15,288,1522.67,24.07,61.7,6.05,19,89.0,False
4.2,0.65,0.9,15,400,1659.2,22.38,65.2,8.84,17,89.0,False
4.2,0.65,0.9,20,150,1283.51,17.17,62.1,5.94,19,89.0,False
4.2,0.65,0.9,20,200,1217.35,17.45,64.3,5.5,18,93.0,False
4.2,0.65,0.9,20,288,1428.7,20.17,64.8,6.11,18,91.0,False
4.2,0.65,0.9,20,400,1396.29,20.58,63.0,5.09,19,93.0,False
4.2,0.65,0.9,30,150,1488.28,15.77,62.6,6.39,18,96.0,False
4.2,0.65,0.9,30,200,1644.49,19.44,67.4,8.26,19,100.0,False
4.2,0.65,0.9,30,288,1417.39,19.44,65.6,7.68,18,103.0,False
4.2,0.65,0.9,30,400,1492.9,19.44,66.1,7.4,16,97.0,False
4.2,0.65,1.0,5,150,1100.57,17.75,61.7,6.15,18,86.0,False
4.2,0.65,1.0,5,200,967.73,18.76,60.4,4.64,18,79.0,False
4.2,0.65,1.0,5,288,1116.46,19.35,60.8,9.3,17,87.0,False
4.2,0.65,1.0,5,400,966.43,18.87,56.4,9.38,18,87.0,False
4.2,0.65,1.0,10,150,1383.63,21.03,61.2,9.08,19,93.0,False
4.2,0.65,1.0,10,200,1376.3,18.94,63.4,8.28,18,91.0,False
4.2,0.65,1.0,10,288,1074.55,18.94,59.0,5.64,18,91.0,False
4.2,0.65,1.0,10,400,1075.69,20.62,59.0,7.47,19,95.0,False
4.2,0.65,1.0,15,150,1273.1,24.29,63.0,5.81,19,102.0,False
4.2,0.65,1.0,15,200,1380.78,24.17,65.6,8.71,19,96.0,False
4.2,0.65,1.0,15,288,1091.97,26.82,58.6,8.61,17,104.0,False
4.2,0.65,1.0,15,400,1067.95,23.81,60.4,8.64,19,103.0,False
4.2,0.65,1.0,20,150,1333.43,17.89,61.7,9.15,18,105.0,False
4.2,0.65,1.0,20,200,1222.66,19.71,58.1,6.48,18,100.0,False
4.2,0.65,1.0,20,288,908.96,24.75,60.4,3.94,17,105.0,False
4.2,0.65,1.0,20,400,1077.68,22.0,61.7,7.14,18,103.0,False
4.2,0.65,1.0,30,150,1288.83,22.8,58.1,5.07,17,108.0,False
4.2,0.65,1.0,30,200,1091.72,25.6,57.3,6.89,17,111.0,False
4.2,0.65,1.0,30,288,1036.91,21.1,55.1,6.28,17,118.0,False
4.2,0.65,1.0,30,400,1382.82,20.59,57.7,10.37,17,117.0,False
4.2,0.65,1.1,5,150,887.14,23.22,55.5,6.74,17,87.0,False
4.2,0.65,1.1,5,200,964.35,22.56,57.3,5.26,18,88.0,False
4.2,0.65,1.1,5,288,1120.57,18.64,59.5,6.78,19,90.0,False
4.2,0.65,1.1,5,400,859.56,18.6,56.8,7.61,16,92.0,False
4.2,0.65,1.1,10,150,1217.34,20.56,58.1,7.27,18,104.0,False
4.2,0.65,1.1,10,200,1066.33,21.44,60.4,7.03,17,101.0,False
4.2,0.65,1.1,10,288,998.5,23.83,55.9,7.37,17,99.0,False
4.2,0.65,1.1,10,400,1066.99,22.53,62.1,8.42,17,104.0,False
4.2,0.65,1.1,15,150,1092.96,26.19,56.8,7.76,19,112.0,False
4.2,0.65,1.1,15,200,1281.59,35.4,57.3,4.92,18,107.0,False
4.2,0.65,1.1,15,288,1121.67,35.45,54.2,11.81,17,114.0,False
4.2,0.65,1.1,15,400,1129.84,25.02,60.8,5.9,17,115.0,False
4.2,0.65,1.1,20,150,1192.58,24.26,59.0,8.7,18,118.0,False
4.2,0.65,1.1,20,200,1142.18,24.27,59.5,9.94,17,111.0,False
4.2,0.65,1.1,20,288,768.86,20.78,53.3,3.46,17,120.0,False
4.2,0.65,1.1,20,400,981.86,24.85,58.6,3.45,16,124.0,False
4.2,0.65,1.1,30,150,767.09,23.27,53.3,5.19,17,124.0,False
4.2,0.65,1.1,30,200,947.26,21.78,57.3,4.98,19,120.0,False
4.2,0.65,1.1,30,288,609.9,23.17,55.9,1.7,14,132.0,False
4.2,0.65,1.1,30,400,981.59,21.65,56.4,7.12,18,129.0,False
4.2,0.65,1.2,5,150,843.69,22.65,52.9,8.78,17,96.0,False
4.2,0.65,1.2,5,200,498.56,20.45,51.1,5.58,15,92.0,False
4.2,0.65,1.2,5,288,736.7,22.23,54.2,6.33,15,98.0,False
4.2,0.65,1.2,5,400,701.43,23.27,52.4,2.98,17,96.0,False
4.2,0.65,1.2,10,150,1102.88,19.92,60.8,9.07,18,114.0,False
4.2,0.65,1.2,10,200,783.9,22.86,56.8,5.83,17,109.0,False
4.2,0.65,1.2,10,288,1027.63,21.53,59.0,8.3,15,115.0,False
4.2,0.65,1.2,10,400,1018.5,25.49,59.0,4.49,16,116.0,False
4.2,0.65,1.2,15,150,757.32,40.32,53.7,11.2,16,122.0,False
4.2,0.65,1.2,15,200,1130.52,46.71,55.1,4.45,15,117.0,False
4.2,0.65,1.2,15,288,994.52,28.35,58.6,6.14,18,125.0,False
4.2,0.65,1.2,15,400,973.12,33.16,54.6,12.26,17,126.0,False
4.2,0.65,1.2,20,150,726.1,31.82,53.7,1.54,15,132.0,False
4.2,0.65,1.2,20,200,650.25,32.91,53.3,5.29,16,118.0,False
4.2,0.65,1.2,20,288,532.99,22.7,53.7,2.1,15,132.0,False
4.2,0.65,1.2,20,400,420.38,35.66,54.6,3.24,14,132.0,False
4.2,0.65,1.2,30,150,631.1,40.78,52.4,5.02,14,139.0,False
4.2,0.65,1.2,30,200,537.46,34.39,51.5,3.69,13,133.0,False
4.2,0.65,1.2,30,288,705.64,31.03,50.2,6.89,15,138.0,False
4.2,0.65,1.2,30,400,458.45,35.67,53.7,1.33,12,145.0,False
4.2,0.75,0.8,5,150,1483.25,19.04,61.7,5.38,18,62.0,False
4.2,0.75,0.8,5,200,1562.86,20.21,63.0,6.57,19,63.0,False
4.2,0.75,0.8,5,288,1451.25,20.19,60.8,5.83,17,59.0,False
4.2,0.75,0.8,5,400,1434.39,18.28,68.7,7.7,18,57.0,False
4.2,0.75,0.8,10,150,1527.73,19.84,65.6,8.38,17,66.0,False
4.2,0.75,0.8,10,200,1269.26,19.45,66.5,5.74,19,69.0,False
4.2,0.75,0.8,10,288,1485.74,19.45,63.9,6.89,19,66.0,False
4.2,0.75,0.8,10,400,1483.08,19.48,67.4,6.37,18,67.0,False
4.2,0.75,0.8,15,150,1626.62,18.53,66.1,8.85,17,71.0,False
4.2,0.75,0.8,15,200,1500.48,23.08,67.4,5.02,19,71.0,False
4.2,0.75,0.8,15,288,1781.09,18.25,70.0,6.92,19,74.0,False
4.2,0.75,0.8,15,400,1475.15,19.01,67.0,5.89,19,68.0,False
4.2,0.75,0.8,20,150,1571.68,20.51,66.1,8.64,19,73.0,False
4.2,0.75,0.8,20,200,1284.01,21.24,63.0,6.65,17,75.0,False
4.2,0.75,0.8,20,288,1489.71,21.31,64.3,7.49,19,77.0,False
4.2,0.75,0.8,20,400,1485.07,20.39,66.5,8.3,19,72.0,False
4.2,0.75,0.8,30,150,1131.7,16.32,62.1,6.0,16,74.0,False
4.2,0.75,0.8,30,200,1289.93,19.87,62.1,6.52,18,79.0,False
4.2,0.75,0.8,30,288,1759.37,19.87,67.0,7.12,18,82.0,False
4.2,0.75,0.8,30,400,1596.18,17.28,61.2,4.45,19,77.0,False
4.2,0.75,0.9,5,150,1258.2,20.03,64.8,7.54,18,69.0,False
4.2,0.75,0.9,5,200,959.1,22.23,58.1,9.2,17,69.0,False
4.2,0.75,0.9,5,288,1122.46,18.77,61.2,7.0,18,68.0,False
4.2,0.75,0.9,5,400,1093.54,18.05,63.0,9.23,19,71.0,False
4.2,0.75,0.9,10,150,1169.6,19.9,58.1,7.42,18,78.0,False
4.2,0.75,0.9,10,200,1318.46,19.49,62.6,7.3,17,74.0,False
4.2,0.75,0.9,10,288,960.28,19.49,57.7,5.82,18,79.0,False
4.2,0.75,0.9,10,400,1115.49,19.49,66.1,4.09,17,80.0,False
4.2,0.75,0.9,15,150,1757.29,18.66,63.0,5.38,19,84.0,False
4.2,0.75,0.9,15,200,1547.95,23.31,67.0,8.73,19,81.0,False
4.2,0.75,0.9,15,288,1533.33,23.86,63.4,6.42,17,85.0,False
4.2,0.75,0.9,15,400,1545.83,18.37,64.8,7.58,18,83.0,False
4.2,0.75,0.9,20,150,1451.49,21.52,62.1,6.77,19,85.0,False
4.2,0.75,0.9,20,200,1130.25,20.62,62.6,9.15,19,85.0,False
4.2,0.75,0.9,20,288,1268.35,20.28,62.6,5.14,18,89.0,False
4.2,0.75,0.9,20,400,1420.33,21.66,64.3,7.32,18,87.0,False
4.2,0.75,0.9,30,150,1331.26,18.43,64.3,9.02,19,88.0,False
4.2,0.75,0.9,30,200,1303.61,19.87,58.1,7.8,17,93.0,False
4.2,0.75,0.9,30,288,1323.34,19.87,61.2,5.26,17,96.0,False
4.2,0.75,0.9,30,400,1610.33,19.87,65.2,7.53,18,91.0,False
4.2,0.75,1.0,5,150,1347.26,20.73,62.1,7.97,19,80.0,False
4.2,0.75,1.0,5,200,1159.19,21.52,60.4,4.45,18,75.0,False
4.2,0.75,1.0,5,288,1208.64,20.54,60.4,9.25,19,81.0,False
4.2,0.75,1.0,5,400,890.68,20.1,58.6,7.13,15,79.0,False
4.2,0.75,1.0,10,150,1072.93,21.41,59.0,7.28,19,85.0,False
4.2,0.75,1.0,10,200,1293.1,20.06,60.4,7.4,19,84.0,False
4.2,0.75,1.0,10,288,1497.72,19.27,62.1,5.79,19,90.0,False
4.2,0.75,1.0,10,400,1302.47,20.03,61.2,7.55,18,88.0,False
4.2,0.75,1.0,15,150,1240.63,24.9,63.0,6.91,18,94.0,False
4.2,0.75,1.0,15,200,1349.13,25.04,64.3,7.66,19,94.0,False
4.2,0.75,1.0,15,288,1478.1,25.47,61.7,8.94,18,94.0,False
4.2,0.75,1.0,15,400,1177.81,23.98,58.6,8.69,17,98.0,False
4.2,0.75,1.0,20,150,1170.38,21.42,62.6,7.02,19,98.0,False
4.2,0.75,1.0,20,200,1040.82,20.81,61.7,8.17,18,98.0,False
4.2,0.75,1.0,20,288,1408.45,19.24,66.1,8.99,18,100.0,False
4.2,0.75,1.0,20,400,1329.26,16.66,66.5,6.01,17,102.0,False
4.2,0.75,1.0,30,150,1117.7,27.77,61.7,6.14,17,100.0,False
4.2,0.75,1.0,30,200,1517.81,25.29,64.3,4.86,17,107.0,False
4.2,0.75,1.0,30,288,860.59,20.68,60.4,8.83,19,107.0,False
4.2,0.75,1.0,30,400,1359.38,22.33,62.1,8.81,18,107.0,False
4.2,0.75,1.1,5,150,845.48,18.76,56.4,7.84,15,84.0,False
4.2,0.75,1.1,5,200,1093.49,19.65,61.2,6.18,18,82.0,False
4.2,0.75,1.1,5,288,948.84,19.83,57.3,8.78,18,84.0,False
4.2,0.75,1.1,5,400,987.62,22.33,58.6,6.6,18,88.0,False
4.2,0.75,1.1,10,150,1378.28,19.94,61.2,7.2,18,101.0,False
4.2,0.75,1.1,10,200,1284.5,20.28,61.2,7.49,18,94.0,False
4.2,0.75,1.1,10,288,908.09,20.15,59.9,8.08,17,96.0,False
4.2,0.75,1.1,10,400,581.04,19.98,55.1,5.71,16,94.0,False
4.2,0.75,1.1,15,150,1155.79,28.6,57.7,9.06,18,109.0,False
4.2,0.75,1.1,15,200,816.86,26.97,54.6,4.99,18,100.0,False
4.2,0.75,1.1,15,288,966.47,37.24,58.1,9.0,17,108.0,False
4.2,0.75,1.1,15,400,709.52,32.21,51.5,5.28,17,108.0,False
4.2,0.75,1.1,20,150,1160.71,19.24,59.5,6.69,19,111.0,False
4.2,0.75,1.1,20,200,1135.24,16.44,59.9,5.12,19,105.0,False
4.2,0.75,1.1,20,288,822.13,18.62,58.6,4.92,18,111.0,False
4.2,0.75,1.1,20,400,1148.57,20.2,60.4,12.48,18,119.0,False
4.2,0.75,1.1,30,150,952.92,24.66,55.1,6.03,18,119.0,False
4.2,0.75,1.1,30,200,1041.06,20.4,57.7,9.48,17,116.0,False
4.2,0.75,1.1,30,288,813.86,20.88,59.5,8.26,17,123.0,False
4.2,0.75,1.1,30,400,860.17,21.27,57.7,6.7,18,120.0,False
4.2,0.75,1.2,5,150,611.05,21.85,53.3,5.95,17,88.0,False
4.2,0.75,1.2,5,200,868.2,19.44,55.1,4.05,14,84.0,False
4.2,0.75,1.2,5,288,814.18,20.95,56.8,1.98,18,92.0,False
4.2,0.75,1.2,5,400,865.04,23.6,58.6,8.9,18,88.0,False
4.2,0.75,1.2,10,150,950.16,23.74,57.3,8.57,18,102.0,False
4.2,0.75,1.2,10,200,1008.11,20.55,53.3,6.0,18,100.0,False
4.2,0.75,1.2,10,288,1078.34,21.68,55.5,6.28,17,107.0,False
4.2,0.75,1.2,10,400,859.1,24.19,58.6,4.82,17,108.0,False
4.2,0.75,1.2,15,150,907.52,41.73,51.5,5.93,17,116.0,False
4.2,0.75,1.2,15,200,717.7,43.75,54.6,7.99,16,109.0,False
4.2,0.75,1.2,15,288,918.06,42.71,56.4,2.15,14,116.0,False
4.2,0.75,1.2,15,400,390.0,42.23,49.3,2.3,13,119.0,False
4.2,0.75,1.2,20,150,754.12,20.7,56.4,9.25,18,122.0,False
4.2,0.75,1.2,20,200,1083.03,33.23,58.1,6.41,18,119.0,False
4.2,0.75,1.2,20,288,1076.84,26.31,52.4,5.22,17,124.0,False
4.2,0.75,1.2,20,400,801.26,27.74,55.9,8.82,17,122.0,False
4.2,0.75,1.2,30,150,651.8,32.86,53.7,3.89,16,133.0,False
4.2,0.75,1.2,30,200,867.07,41.8,53.7,7.47,15,126.0,False
4.2,0.75,1.2,30,288,620.83,26.15,49.8,5.81,13,137.0,False
4.2,0.75,1.2,30,400,560.37,30.04,52.4,5.63,13,136.0,False
4.6,0.35,0.8,5,150,1572.84,20.06,67.0,4.97,19,74.0,False
4.6,0.35,0.8,5,200,1534.6,20.1,63.0,8.03,18,71.0,False
4.6,0.35,0.8,5,288,1259.89,19.49,66.1,8.77,18,71.0,False
4.6,0.35,0.8,5,400,1124.61,20.1,63.4,5.64,19,74.0,False
4.6,0.35,0.8,10,150,1614.21,17.62,65.6,6.19,19,83.0,False
4.6,0.35,0.8,10,200,1178.19,17.6,59.5,6.48,17,83.0,False
4.6,0.35,0.8,10,288,1398.24,18.28,59.0,6.28,19,81.0,False
4.6,0.35,0.8,10,400,1324.33,17.61,60.4,8.18,18,81.0,False
4.6,0.35,0.8,15,150,1449.31,19.86,59.9,5.89,18,83.0,False
4.6,0.35,0.8,15,200,1554.21,18.56,63.4,7.04,18,85.0,False
4.6,0.35,0.8,15,288,1696.15,19.18,61.7,7.08,19,84.0,False
4.6,0.35,0.8,15,400,1748.53,19.08,63.4,6.48,18,80.0,False
4.6,0.35,0.8,20,150,1509.2,18.58,61.7,8.01,18,94.0,False
4.6,0.35,0.8,20,200,1840.28,17.75,67.8,6.54,19,94.0,False
4.6,0.35,0.8,20,288,1446.99,17.54,62.1,6.77,19,89.0,False
4.6,0.35,0.8,20,400,1320.09,19.09,59.9,7.86,19,86.0,False
4.6,0.35,0.8,30,150,1489.7,21.79,63.4,8.87,18,92.0,False
4.6,0.35,0.8,30,200,1134.07,18.69,59.9,10.71,16,98.0,False
4.6,0.35,0.8,30,288,966.26,18.78,58.6,8.66,18,95.0,False
4.6,0.35,0.8,30,400,1290.83,20.85,61.2,11.4,19,91.0,False
4.6,0.35,0.9,5,150,1134.81,21.25,57.3,6.92,18,87.0,False
4.6,0.35,0.9,5,200,997.03,20.18,59.9,8.78,18,83.0,False
4.6,0.35,0.9,5,288,1488.36,19.63,62.6,6.38,19,84.0,False
4.6,0.35,0.9,5,400,1179.57,20.17,59.0,5.17,17,89.0,False
4.6,0.35,0.9,10,150,1068.84,19.46,59.9,5.11,18,95.0,False
4.6,0.35,0.9,10,200,1404.97,21.98,59.5,8.36,19,91.0,False
4.6,0.35,0.9,10,288,1040.74,21.16,59.9,8.07,17,93.0,False
4.6,0.35,0.9,10,400,1279.35,19.27,62.1,6.46,19,101.0,False
4.6,0.35,0.9,15,150,1086.59,23.24,58.1,4.95,19,97.0,False
4.6,0.35,0.9,15,200,1071.13,20.2,58.1,7.16,18,95.0,False
4.6,0.35,0.9,15,288,1009.52,19.62,54.2,7.84,18,100.0,False
4.6,0.35,0.9,15,400,1222.42,20.38,57.3,7.04,19,102.0,False
4.6,0.35,0.9,20,150,955.87,19.16,59.9,10.4,18,104.0,False
4.6,0.35,0.9,20,200,1422.19,19.16,59.0,5.04,19,102.0,False
4.6,0.35,0.9,20,288,1160.31,19.16,57.3,7.25,19,106.0,False
4.6,0.35,0.9,20,400,995.58,17.28,57.3,9.66,17,102.0,False
4.6,0.35,0.9,30,150,869.84,27.11,58.1,1.66,14,111.0,False
4.6,0.35,0.9,30,200,1170.23,23.81,59.0,9.03,19,113.0,False
4.6,0.35,0.9,30,288,1057.01,23.31,56.4,3.74,16,111.0,False
4.6,0.35,0.9,30,400,1054.59,18.54,54.2,7.41,18,109.0,False
4.6,0.35,1.0,5,150,912.51,19.82,59.0,9.42,15,95.0,False
4.6,0.35,1.0,5,200,1490.28,20.66,62.6,8.41,18,90.0,False
4.6,0.35,1.0,5,288,1243.54,20.84,61.7,8.58,19,94.0,False
4.6,0.35,1.0,5,400,1411.88,22.4,56.8,7.45,18,92.0,False
4.6,0.35,1.0,10,150,1159.08,22.36,58.1,8.71,19,105.0,False
4.6,0.35,1.0,10,200,1243.09,27.29,57.3,8.04,18,102.0,False
4.6,0.35,1.0,10,288,949.03,21.55,59.5,7.54,17,108.0,False
4.6,0.35,1.0,10,400,1349.28,21.16,59.9,7.5,19,108.0,False
4.6,0.35,1.0,15,150,622.23,26.95,55.1,5.54,16,113.0,False
4.6,0.35,1.0,15,200,964.1,26.56,58.6,5.38,15,111.0,False
4.6,0.35,1.0,15,288,686.82,20.84,52.4,9.0,18,117.0,False
4.6,0.35,1.0,15,400,943.21,23.82,53.7,7.41,16,115.0,False
4.6,0.35,1.0,20,150,1054.27,22.05,61.2,7.0,18,114.0,False
4.6,0.35,1.0,20,200,1244.89,22.61,57.3,9.1,17,117.0,False
4.6,0.35,1.0,20,288,817.69,19.92,55.1,12.89,17,117.0,False
4.6,0.35,1.0,20,400,922.92,21.66,53.7,9.95,19,119.0,False
4.6,0.35,1.0,30,150,943.43,29.75,57.7,10.33,17,125.0,False
4.6,0.35,1.0,30,200,618.77,29.76,51.5,6.99,16,122.0,False
4.6,0.35,1.0,30,288,1060.26,23.86,56.4,11.42,17,125.0,False
4.6,0.35,1.0,30,400,771.06,22.38,57.3,4.49,17,127.0,False
4.6,0.35,1.1,5,150,690.33,27.91,55.1,4.31,15,105.0,False
4.6,0.35,1.1,5,200,783.39,23.27,53.7,5.71,18,97.0,False
4.6,0.35,1.1,5,288,777.92,26.58,52.0,6.26,16,105.0,False
4.6,0.35,1.1,5,400,845.63,20.07,54.2,7.08,16,106.0,False
4.6,0.35,1.1,10,150,817.9,31.36,58.1,4.95,17,119.0,False
4.6,0.35,1.1,10,200,1012.57,23.35,59.9,6.8,19,115.0,False
4.6,0.35,1.1,10,288,1030.14,23.0,61.2,6.19,17,115.0,False
4.6,0.35,1.1,10,400,754.4,21.91,54.2,3.19,15,121.0,False
4.6,0.35,1.1,15,150,611.79,44.01,48.0,0.84,13,118.0,False
4.6,0.35,1.1,15,200,687.71,35.37,52.4,4.82,17,117.0,False
4.6,0.35,1.1,15,288,456.67,36.84,47.6,1.29,15,125.0,False
4.6,0.35,1.1,15,400,525.25,36.12,51.5,3.79,15,127.0,False
4.6,0.35,1.1,20,150,676.7,28.51,53.3,5.07,14,130.0,False
4.6,0.35,1.1,20,200,1148.88,39.13,57.7,7.42,17,129.0,False
4.6,0.35,1.1,20,288,554.24,26.01,51.1,4.43,15,134.0,False
4.6,0.35,1.1,20,400,914.73,19.36,56.4,5.14,18,129.0,False
4.6,0.35,1.1,30,150,634.46,38.16,49.8,1.88,14,137.0,False
4.6,0.35,1.1,30,200,540.43,39.92,55.9,1.97,14,133.0,False
4.6,0.35,1.1,30,288,449.28,41.36,48.0,2.48,13,141.0,False
4.6,0.35,1.1,30,400,553.0,46.13,52.4,1.58,14,145.0,False
4.6,0.35,1.2,5,150,624.49,33.44,51.1,3.69,15,104.0,False
4.6,0.35,1.2,5,200,637.52,26.27,52.9,7.88,17,104.0,False
4.6,0.35,1.2,5,288,664.82,22.92,53.3,2.48,15,106.0,False
4.6,0.35,1.2,5,400,738.03,21.2,48.9,7.74,17,112.0,False
4.6,0.35,1.2,10,150,775.35,25.82,53.7,3.74,16,126.0,False
4.6,0.35,1.2,10,200,824.88,25.54,52.4,6.94,18,125.0,False
4.6,0.35,1.2,10,288,650.7,27.95,49.3,0.88,15,127.0,False
4.6,0.35,1.2,10,400,800.89,38.02,57.7,8.51,14,131.0,False
4.6,0.35,1.2,15,150,539.34,40.38,56.8,2.95,13,137.0,False
4.6,0.35,1.2,15,200,516.94,65.97,52.0,9.76,14,129.0,False
4.6,0.35,1.2,15,288,605.03,66.04,50.2,3.57,15,137.0,False
4.6,0.35,1.2,15,400,671.61,43.54,56.4,6.1,15,133.0,False
4.6,0.35,1.2,20,150,457.3,36.57,52.4,3.3,14,145.0,False
4.6,0.35,1.2,20,200,531.85,38.14,51.1,4.91,15,136.0,False
4.6,0.35,1.2,20,288,330.41,32.22,50.2,3.21,15,142.0,False
4.6,0.35,1.2,20,400,253.99,55.17,45.4,1.7,14,145.0,False
4.6,0.35,1.2,30,150,541.97,43.62,52.9,8.39,14,153.0,False
4.6,0.35,1.2,30,200,613.12,67.68,49.8,4.98,12,142.0,False
4.6,0.35,1.2,30,288,269.74,57.21,45.8,0.99,13,151.0,False
4.6,0.35,1.2,30,400,199.52,65.57,49.3,1.97,15,154.0,False
4.6,0.45,0.8,5,150,1295.76,13.72,61.2,7.73,18,68.0,False
4.6,0.45,0.8,5,200,1470.59,13.89,63.0,7.57,17,67.0,False
4.6,0.45,0.8,5,288,1127.51,13.9,63.4,4.38,18,68.0,False
4.6,0.45,0.8,5,400,1510.29,14.48,66.5,9.07,19,65.0,False
4.6,0.45,0.8,10,150,1558.73,18.36,64.8,5.98,19,76.0,False
4.6,0.45,0.8,10,200,1538.99,18.78,62.6,7.58,19,73.0,False
4.6,0.45,0.8,10,288,1346.52,18.12,61.7,5.68,18,74.0,False
4.6,0.45,0.8,10,400,1475.58,18.19,62.6,7.75,17,74.0,False
4.6,0.45,0.8,15,150,1708.49,14.43,67.4,7.56,19,78.0,False
4.6,0.45,0.8,15,200,1469.96,13.38,62.6,6.01,19,81.0,False
4.6,0.45,0.8,15,288,1713.8,14.43,63.9,7.1,18,78.0,False
4.6,0.45,0.8,15,400,1311.6,14.5,63.9,8.45,19,76.0,False
4.6,0.45,0.8,20,150,1450.02,19.36,65.2,6.14,19,82.0,False
4.6,0.45,0.8,20,200,1659.91,14.61,62.6,4.33,17,87.0,False
4.6,0.45,0.8,20,288,1771.93,18.01,67.0,6.0,19,89.0,False
4.6,0.45,0.8,20,400,1591.78,19.41,61.7,8.6,18,81.0,False
4.6,0.45,0.8,30,150,1425.32,19.77,63.4,9.41,18,82.0,False
4.6,0.45,0.8,30,200,1252.38,18.59,58.1,5.83,18,88.0,False
4.6,0.45,0.8,30,288,1247.66,20.06,59.5,7.21,18,88.0,False
4.6,0.45,0.8,30,400,1435.33,18.59,62.1,6.06,17,84.0,False
4.6,0.45,0.9,5,150,1299.69,13.7,58.6,6.09,17,82.0,False
4.6,0.45,0.9,5,200,1087.07,14.15,62.6,4.74,19,80.0,False
4.6,0.45,0.9,5,288,1242.83,13.93,59.0,8.83,17,75.0,False
4.6,0.45,0.9,5,400,1209.38,14.98,59.9,6.3,19,80.0,False
4.6,0.45,0.9,10,150,1331.54,16.93,60.4,5.55,19,85.0,False
4.6,0.45,0.9,10,200,1583.29,19.01,63.4,7.85,18,86.0,False
4.6,0.45,0.9,10,288,1499.64,18.13,59.0,6.14,19,87.0,False
4.6,0.45,0.9,10,400,1425.38,18.12,58.6,6.31,18,88.0,False
4.6,0.45,0.9,15,150,1137.09,24.14,59.5,6.17,18,92.0,False
4.6,0.45,0.9,15,200,1260.28,13.35,60.8,5.78,19,91.0,False
4.6,0.45,0.9,15,288,1306.16,14.96,55.9,6.08,18,91.0,False
4.6,0.45,0.9,15,400,1330.06,19.89,63.4,8.43,19,86.0,False
4.6,0.45,0.9,20,150,1534.78,13.48,59.5,6.82,19,99.0,False
4.6,0.45,0.9,20,200,1663.45,13.3,62.1,5.51,18,95.0,False
4.6,0.45,0.9,20,288,1621.05,18.65,61.2,8.42,18,100.0,False
4.6,0.45,0.9,20,400,1213.0,16.65,62.6,5.52,19,95.0,False
4.6,0.45,0.9,30,150,1253.77,22.04,63.9,10.57,17,101.0,False
4.6,0.45,0.9,30,200,1204.85,24.47,57.7,9.75,19,102.0,False
4.6,0.45,0.9,30,288,970.89,25.09,59.0,3.86,16,103.0,False
4.6,0.45,0.9,30,400,1343.1,19.7,65.6,7.23,19,104.0,False
4.6,0.45,1.0,5,150,884.38,21.38,58.1,11.19,19,87.0,False
4.6,0.45,1.0,5,200,716.87,25.47,54.6,9.69,15,81.0,False
4.6,0.45,1.0,5,288,1082.79,13.73,58.6,7.33,17,84.0,False
4.6,0.45,1.0,5,400,1019.83,16.6,57.3,10.7,15,87.0,False
4.6,0.45,1.0,10,150,965.72,18.19,56.8,7.19,19,101.0,False
4.6,0.45,1.0,10,200,1196.43,24.21,58.6,5.06,18,92.0,False
4.6,0.45,1.0,10,288,1344.12,23.56,59.9,7.3,17,99.0,False
4.6,0.45,1.0,10,400,1404.03,17.35,63.0,7.28,18,98.0,False
4.6,0.45,1.0,15,150,972.19,27.07,58.6,5.73,18,105.0,False
4.6,0.45,1.0,15,200,1077.66,24.07,63.0,9.85,19,97.0,False
4.6,0.45,1.0,15,288,1214.3,17.36,59.5,9.42,17,107.0,False
4.6,0.45,1.0,15,400,895.56,17.79,56.4,6.13,17,104.0,False
4.6,0.45,1.0,20,150,1089.38,26.61,59.5,8.55,18,106.0,False
4.6,0.45,1.0,20,200,1002.72,21.5,55.1,6.47,17,108.0,False
4.6,0.45,1.0,20,288,848.56,21.96,53.3,5.11,16,112.0,False
4.6,0.45,1.0,20,400,974.54,18.85,60.8,6.83,18,111.0,False
4.6,0.45,1.0,30,150,967.49,27.41,54.6,6.07,17,116.0,False
4.6,0.45,1.0,30,200,1206.3,24.29,55.5,7.2,16,115.0,False
4.6,0.45,1.0,30,288,882.8,21.01,56.8,3.34,16,118.0,False
4.6,0.45,1.0,30,400,1159.37,22.21,58.1,12.95,16,118.0,False
4.6,0.45,1.1,5,150,522.88,31.23,55.1,4.99,17,93.0,False
4.6,0.45,1.1,5,200,1134.48,32.2,55.5,6.79,17,90.0,False
4.6,0.45,1.1,5,288,1012.59,22.18,57.7,6.31,18,93.0,False
4.6,0.45,1.1,5,400,1026.67,25.29,55.5,5.09,15,94.0,False
4.6,0.45,1.1,10,150,820.55,23.87,56.4,5.41,17,105.0,False
4.6,0.45,1.1,10,200,1247.94,24.05,60.4,5.61,18,107.0,False
4.6,0.45,1.1,10,288,1128.13,26.42,60.4,5.71,16,106.0,False
4.6,0.45,1.1,10,400,1159.5,26.25,60.8,9.74,19,113.0,False
4.6,0.45,1.1,15,150,882.1,25.0,58.1,9.41,18,112.0,False
4.6,0.45,1.1,15,200,874.11,27.19,55.9,8.11,15,109.0,False
4.6,0.45,1.1,15,288,810.16,28.16,55.5,10.64,17,118.0,False
4.6,0.45,1.1,15,400,632.95,25.56,55.1,6.48,15,121.0,False
4.6,0.45,1.1,20,150,746.32,22.24,58.6,6.69,16,121.0,False
4.6,0.45,1.1,20,200,686.69,21.23,53.7,5.11,17,114.0,False
4.6,0.45,1.1,20,288,702.6,36.61,53.3,7.37,15,121.0,False
4.6,0.45,1.1,20,400,718.16,27.3,56.4,7.03,16,125.0,False
4.6,0.45,1.1,30,150,614.85,30.62,52.4,5.29,15,129.0,False
4.6,0.45,1.1,30,200,672.83,25.9,52.4,1.48,12,124.0,False
4.6,0.45,1.1,30,288,563.54,45.47,53.3,3.46,14,134.0,False
4.6,0.45,1.1,30,400,935.06,42.37,56.8,2.29,16,134.0,False
4.6,0.45,1.2,5,150,634.24,22.41,49.8,5.5,15,99.0,False
4.6,0.45,1.2,5,200,565.19,22.55,51.1,4.33,16,100.0,False
4.6,0.45,1.2,5,288,798.8,19.21,50.7,7.68,17,100.0,False
4.6,0.45,1.2,5,400,1069.43,21.24,52.9,5.98,14,101.0,False
4.6,0.45,1.2,10,150,770.86,35.23,53.7,5.96,15,122.0,False
4.6,0.45,1.2,10,200,921.19,30.07,55.1,6.46,17,111.0,False
4.6,0.45,1.2,10,288,528.41,27.55,49.8,3.84,13,113.0,False
4.6,0.45,1.2,10,400,698.96,31.26,54.2,3.21,16,124.0,False
4.6,0.45,1.2,15,150,706.38,29.21,55.9,5.06,18,121.0,False
4.6,0.45,1.2,15,200,860.32,29.54,55.9,7.96,19,122.0,False
4.6,0.45,1.2,15,288,455.23,48.14,50.2,10.88,12,132.0,False
4.6,0.45,1.2,15,400,537.87,36.65,54.6,4.9,17,129.0,False
4.6,0.45,1.2,20,150,941.97,21.8,54.6,6.43,17,138.0,False
4.6,0.45,1.2,20,200,633.17,42.11,50.7,5.83,16,126.0,False
4.6,0.45,1.2,20,288,487.78,35.12,52.9,4.7,16,134.0,False
4.6,0.45,1.2,20,400,635.88,20.27,48.5,0.53,15,135.0,False
4.6,0.45,1.2,30,150,478.07,37.23,52.0,6.81,14,142.0,False
4.6,0.45,1.2,30,200,769.8,45.65,52.9,3.84,15,135.0,False
4.6,0.45,1.2,30,288,236.98,32.77,52.9,4.1,13,146.0,False
4.6,0.45,1.2,30,400,412.71,49.01,49.8,0.36,11,145.0,False
4.6,0.55,0.8,5,150,1859.79,13.15,63.9,5.77,19,69.0,False
4.6,0.55,0.8,5,200,1485.61,13.15,61.2,9.75,18,63.0,False
4.6,0.55,0.8,5,288,1561.35,13.15,64.3,4.68,17,62.0,False
4.6,0.55,0.8,5,400,1643.89,13.15,63.9,4.69,18,65.0,False
4.6,0.55,0.8,10,150,1548.7,16.82,63.0,6.36,19,71.0,False
4.6,0.55,0.8,10,200,1574.17,16.82,64.3,7.84,18,69.0,False
4.6,0.55,0.8,10,288,1484.8,17.15,62.1,7.54,15,73.0,False
4.6,0.55,0.8,10,400,1688.89,17.23,65.6,7.37,19,69.0,False
4.6,0.55,0.8,15,150,1404.15,17.68,65.6,5.22,18,75.0,False
4.6,0.55,0.8,15,200,1767.71,17.92,62.6,9.75,19,77.0,False
4.6,0.55,0.8,15,288,1907.58,14.71,69.2,9.2,18,73.0,False
4.6,0.55,0.8,15,400,1582.62,12.8,61.2,7.06,19,71.0,False
4.6,0.55,0.8,20,150,1483.42,17.6,62.6,4.72,18,77.0,False
4.6,0.55,0.8,20,200,1746.08,17.98,62.1,5.97,18,80.0,False
4.6,0.55,0.8,20,288,1728.3,18.63,67.0,8.06,19,78.0,False
4.6,0.55,0.8,20,400,1601.6,18.24,64.3,6.89,18,76.0,False
4.6,0.55,0.8,30,150,1702.18,18.87,64.8,8.1,18,78.0,False
4.6,0.55,0.8,30,200,1369.73,18.08,58.6,6.76,17,83.0,False
4.6,0.55,0.8,30,288,1344.04,18.85,62.1,9.6,16,83.0,False
4.6,0.55,0.8,30,400,1434.11,19.71,60.4,7.44,18,77.0,False
4.6,0.55,0.9,5,150,1163.36,13.15,58.6,6.79,17,74.0,False
4.6,0.55,0.9,5,200,1167.48,17.83,59.5,4.53,15,71.0,False
4.6,0.55,0.9,5,288,1422.94,13.15,61.7,8.46,18,73.0,False
4.6,0.55,0.9,5,400,1172.13,13.15,55.5,7.66,18,72.0,False
4.6,0.55,0.9,10,150,1593.05,17.3,58.1,7.46,18,78.0,False
4.6,0.55,0.9,10,200,1585.79,17.95,62.6,5.76,18,80.0,False
4.6,0.55,0.9,10,288,1144.17,17.25,61.7,10.37,18,79.0,False
4.6,0.55,0.9,10,400,1544.01,16.91,63.0,7.52,18,80.0,False
4.6,0.55,0.9,15,150,1452.84,19.32,64.3,5.63,19,83.0,False
4.6,0.55,0.9,15,200,1453.1,20.22,59.5,10.69,18,85.0,False
4.6,0.55,0.9,15,288,1226.88,19.55,59.9,5.66,19,87.0,False
4.6,0.55,0.9,15,400,1392.2,20.62,64.8,6.91,19,83.0,False
4.6,0.55,0.9,20,150,1736.17,18.88,63.0,5.32,18,89.0,False
4.6,0.55,0.9,20,200,1568.99,19.15,64.8,3.77,19,89.0,False
4.6,0.55,0.9,20,288,1603.61,19.98,60.8,5.87,19,94.0,False
4.6,0.55,0.9,20,400,1399.58,20.76,63.4,6.27,18,88.0,False
4.6,0.55,0.9,30,150,1009.13,19.56,62.1,6.79,17,89.0,False
4.6,0.55,0.9,30,200,1284.3,20.15,60.8,7.07,18,95.0,False
4.6,0.55,0.9,30,288,1269.7,22.61,59.9,8.6,17,99.0,False
4.6,0.55,0.9,30,400,1270.26,19.94,56.8,6.49,19,98.0,False
4.6,0.55,1.0,5,150,1284.52,18.93,55.9,6.19,17,84.0,False
4.6,0.55,1.0,5,200,772.11,17.01,51.5,7.26,17,79.0,False
4.6,0.55,1.0,5,288,875.25,21.31,55.9,6.61,18,81.0,False
4.6,0.55,1.0,5,400,813.22,18.7,52.0,7.12,17,79.0,False
4.6,0.55,1.0,10,150,1507.78,17.34,59.5,8.63,18,92.0,False
4.6,0.55,1.0,10,200,1423.4,17.34,62.6,7.74,18,88.0,False
4.6,0.55,1.0,10,288,1132.53,18.2,56.8,7.96,19,94.0,False
4.6,0.55,1.0,10,400,1189.37,17.73,57.3,6.66,17,94.0,False
4.6,0.55,1.0,15,150,1017.68,26.76,59.9,7.07,18,97.0,False
4.6,0.55,1.0,15,200,1272.7,25.53,59.9,5.12,18,95.0,False
4.6,0.55,1.0,15,288,1114.84,20.88,59.9,7.55,17,102.0,False
4.6,0.55,1.0,15,400,1299.89,19.93,56.4,8.0,17,97.0,False
4.6,0.55,1.0,20,150,1561.75,19.73,64.3,7.01,19,102.0,False
4.6,0.55,1.0,20,200,1237.53,18.44,62.6,7.01,19,100.0,False
4.6,0.55,1.0,20,288,950.31,22.26,56.8,6.58,19,104.0,False
4.6,0.55,1.0,20,400,1026.03,19.83,56.8,6.97,16,102.0,False
4.6,0.55,1.0,30,150,952.59,23.29,54.6,6.44,17,108.0,False
4.6,0.55,1.0,30,200,1443.63,24.69,59.5,7.18,16,109.0,False
4.6,0.55,1.0,30,288,983.5,22.39,56.8,4.45,19,109.0,False
4.6,0.55,1.0,30,400,1063.52,22.13,55.5,8.02,18,110.0,False
4.6,0.55,1.1,5,150,744.48,18.54,56.4,5.4,16,88.0,False
4.6,0.55,1.1,5,200,1009.9,18.15,58.6,9.5,18,83.0,False
4.6,0.55,1.1,5,288,1165.62,17.49,54.6,5.75,18,86.0,False
4.6,0.55,1.1,5,400,1061.53,17.89,55.1,4.9,18,92.0,False
4.6,0.55,1.1,10,150,1000.14,23.82,58.1,8.94,18,102.0,False
4.6,0.55,1.1,10,200,1295.43,21.27,57.3,7.33,16,99.0,False
4.6,0.55,1.1,10,288,819.4,19.59,56.4,6.88,19,103.0,False
4.6,0.55,1.1,10,400,814.47,18.98,55.5,6.37,18,100.0,False
4.6,0.55,1.1,15,150,1010.48,27.72,61.7,10.96,19,110.0,False
4.6,0.55,1.1,15,200,734.89,24.57,58.6,5.14,16,101.0,False
4.6,0.55,1.1,15,288,505.58,26.75,51.5,4.38,14,109.0,False
4.6,0.55,1.1,15,400,733.72,19.89,55.9,4.57,19,107.0,False
4.6,0.55,1.1,20,150,996.84,23.2,55.9,6.67,18,114.0,False
4.6,0.55,1.1,20,200,1466.53,21.75,60.8,7.69,17,111.0,False
4.6,0.55,1.1,20,288,1305.68,23.01,58.1,7.33,19,123.0,False
4.6,0.55,1.1,20,400,885.58,23.61,56.4,4.3,19,115.0,False
4.6,0.55,1.1,30,150,749.37,38.23,51.1,3.19,13,120.0,False
4.6,0.55,1.1,30,200,660.46,30.21,55.1,7.16,17,117.0,False
4.6,0.55,1.1,30,288,645.17,41.95,56.4,4.31,13,124.0,False
4.6,0.55,1.1,30,400,826.27,34.11,55.5,2.05,17,127.0,False
4.6,0.55,1.2,5,150,640.92,17.24,59.0,4.46,17,95.0,False
4.6,0.55,1.2,5,200,836.58,20.06,54.6,5.97,18,87.0,False
4.6,0.55,1.2,5,288,563.69,19.03,52.4,4.64,17,95.0,False
4.6,0.55,1.2,5,400,701.66,20.28,55.1,3.74,16,93.0,False
4.6,0.55,1.2,10,150,1063.52,20.91,56.4,8.71,17,111.0,False
4.6,0.55,1.2,10,200,804.79,20.65,55.9,5.96,18,107.0,False
4.6,0.55,1.2,10,288,696.09,20.2,52.0,3.74,16,108.0,False
4.6,0.55,1.2,10,400,628.62,21.33,53.7,4.23,16,109.0,False
4.6,0.55,1.2,15,150,767.72,26.46,54.2,8.21,18,118.0,False
4.6,0.55,1.2,15,200,558.32,29.0,53.3,5.48,16,113.0,False
4.6,0.55,1.2,15,288,534.02,43.31,54.2,2.01,13,120.0,False
4.6,0.55,1.2,15,400,547.39,34.04,52.0,4.93,14,122.0,False
4.6,0.55,1.2,20,150,877.82,29.48,58.1,5.33,15,125.0,False
4.6,0.55,1.2,20,200,883.94,32.44,55.1,4.82,16,121.0,False
4.6,0.55,1.2,20,288,469.83,26.48,52.0,4.12,16,127.0,False
4.6,0.55,1.2,20,400,715.72,20.22,51.1,4.33,16,129.0,False
4.6,0.55,1.2,30,150,443.42,50.42,48.9,3.91,15,133.0,False
4.6,0.55,1.2,30,200,631.46,40.89,53.7,6.53,16,133.0,False
4.6,0.55,1.2,30,288,363.44,48.53,48.0,1.95,15,133.0,False
4.6,0.55,1.2,30,400,482.78,45.96,49.3,3.2,14,138.0,False
4.6,0.65,0.8,5,150,1146.65,18.02,56.8,4.94,18,56.0,False
4.6,0.65,0.8,5,200,1569.32,18.34,64.8,8.49,19,60.0,False
4.6,0.65,0.8,5,288,1371.23,18.62,62.1,6.34,17,61.0,False
4.6,0.65,0.8,5,400,1532.57,18.76,68.3,5.98,18,57.0,False
4.6,0.65,0.8,10,150,1227.82,17.21,60.4,7.24,19,63.0,False
4.6,0.65,0.8,10,200,1335.5,17.74,66.5,9.83,18,64.0,False
4.6,0.65,0.8,10,288,1356.83,17.31,65.6,6.8,17,64.0,False
4.6,0.65,0.8,10,400,1391.51,17.45,66.5,6.63,18,65.0,False
4.6,0.65,0.8,15,150,1277.9,16.45,62.6,6.76,18,70.0,False
4.6,0.65,0.8,15,200,1817.06,16.02,65.2,6.32,19,72.0,False
4.6,0.65,0.8,15,288,1441.51,16.5,62.1,5.72,19,68.0,False
4.6,0.65,0.8,15,400,1278.03,15.39,59.5,4.12,18,65.0,False
4.6,0.65,0.8,20,150,1690.84,19.03,67.8,7.83,18,72.0,False
4.6,0.65,0.8,20,200,1553.11,18.98,59.5,8.41,18,73.0,False
4.6,0.65,0.8,20,288,1770.67,21.12,67.0,10.9,18,73.0,False
4.6,0.65,0.8,20,400,1692.87,22.79,61.7,7.63,19,68.0,False
4.6,0.65,0.8,30,150,1535.84,18.49,64.8,5.61,17,70.0,False
4.6,0.65,0.8,30,200,1677.76,18.78,64.3,8.3,19,75.0,False
4.6,0.65,0.8,30,288,1692.9,18.67,67.0,8.97,18,79.0,False
4.6,0.65,0.8,30,400,1847.8,18.53,69.2,10.31,19,72.0,False
4.6,0.65,0.9,5,150,1032.52,17.52,58.1,6.35,18,67.0,False
4.6,0.65,0.9,5,200,1367.1,18.96,59.5,5.6,19,67.0,False
4.6,0.65,0.9,5,288,1183.87,18.25,57.3,3.01,17,66.0,False
4.6,0.65,0.9,5,400,1209.62,19.11,58.6,6.92,18,70.0,False
4.6,0.65,0.9,10,150,1505.82,18.79,61.2,4.22,18,76.0,False
4.6,0.65,0.9,10,200,1430.5,17.21,64.8,7.04,18,71.0,False
4.6,0.65,0.9,10,288,1300.61,17.96,61.7,6.4,19,72.0,False
4.6,0.65,0.9,10,400,1531.09,18.3,63.0,9.57,19,77.0,False
4.6,0.65,0.9,15,150,1445.56,18.73,65.2,10.34,19,79.0,False
4.6,0.65,0.9,15,200,1231.98,18.49,62.1,6.58,17,74.0,False
4.6,0.65,0.9,15,288,1098.48,18.43,59.5,7.15,17,82.0,False
4.6,0.65,0.9,15,400,1428.24,14.39,62.1,9.16,18,76.0,False
4.6,0.65,0.9,20,150,1553.0,18.59,63.0,6.49,16,85.0,False
4.6,0.65,0.9,20,200,1353.31,18.59,55.1,4.9,19,84.0,False
4.6,0.65,0.9,20,288,1787.93,19.57,66.1,5.99,19,89.0,False
4.6,0.65,0.9,20,400,1522.22,18.55,60.8,7.25,19,84.0,False
4.6,0.65,0.9,30,150,963.02,19.95,59.5,7.76,18,83.0,False
4.6,0.65,0.9,30,200,1683.87,17.95,63.9,3.95,19,91.0,False
4.6,0.65,0.9,30,288,1173.08,18.85,59.0,8.48,19,92.0,False
4.6,0.65,0.9,30,400,1146.55,18.62,58.6,7.56,18,86.0,False
4.6,0.65,1.0,5,150,1013.0,19.19,58.6,7.45,18,76.0,False
4.6,0.65,1.0,5,200,1397.59,21.51,61.7,8.35,19,75.0,False
4.6,0.65,1.0,5,288,905.21,19.48,56.4,4.73,19,72.0,False
4.6,0.65,1.0,5,400,1010.4,20.42,57.7,8.47,19,79.0,False
4.6,0.65,1.0,10,150,1472.19,18.04,63.4,7.3,18,86.0,False
4.6,0.65,1.0,10,200,1320.28,18.18,60.4,7.37,18,81.0,False
4.6,0.65,1.0,10,288,1221.41,17.83,58.1,8.47,17,88.0,False
4.6,0.65,1.0,10,400,1398.52,17.36,64.8,8.05,19,84.0,False
4.6,0.65,1.0,15,150,1452.81,13.3,59.5,8.25,18,90.0,False
4.6,0.65,1.0,15,200,1476.29,18.72,63.9,6.9,19,87.0,False
4.6,0.65,1.0,15,288,1211.88,18.46,58.1,8.02,18,89.0,False
4.6,0.65,1.0,15,400,1060.25,17.53,59.0,7.91,16,88.0,False
4.6,0.65,1.0,20,150,1378.6,18.82,62.6,5.68,19,95.0,False
4.6,0.65,1.0,20,200,1334.39,18.63,60.8,5.57,16,92.0,False
4.6,0.65,1.0,20,288,947.2,21.49,58.1,7.64,15,98.0,False
4.6,0.65,1.0,20,400,869.96,20.14,60.8,8.3,17,98.0,False
4.6,0.65,1.0,30,150,970.4,18.44,56.8,6.77,17,103.0,False
4.6,0.65,1.0,30,200,1190.56,20.39,61.7,7.93,18,98.0,False
4.6,0.65,1.0,30,288,1377.12,22.59,59.9,7.58,17,104.0,False
4.6,0.65,1.0,30,400,1287.04,21.95,59.9,5.1,18,103.0,False
4.6,0.65,1.1,5,150,923.03,20.33,56.4,6.71,18,82.0,False
4.6,0.65,1.1,5,200,922.87,18.42,55.5,7.71,17,82.0,False
4.6,0.65,1.1,5,288,1052.52,17.38,56.4,6.92,17,81.0,False
4.6,0.65,1.1,5,400,961.95,17.22,52.9,5.27,18,85.0,False
4.6,0.65,1.1,10,150,878.65,20.26,58.1,3.9,16,95.0,False
4.6,0.65,1.1,10,200,1215.01,20.41,61.2,7.08,19,91.0,False
4.6,0.65,1.1,10,288,943.26,18.02,58.6,5.79,16,94.0,False
4.6,0.65,1.1,10,400,1436.91,18.48,63.0,5.49,19,95.0,False
4.6,0.65,1.1,15,150,1203.13,17.03,59.0,7.12,19,104.0,False
4.6,0.65,1.1,15,200,1053.29,17.52,58.6,5.64,18,96.0,False
4.6,0.65,1.1,15,288,1136.12,22.35,58.6,7.28,18,103.0,False
4.6,0.65,1.1,15,400,884.01,17.33,57.3,9.99,18,100.0,False
4.6,0.65,1.1,20,150,1124.89,21.28,57.3,6.4,18,102.0,False
4.6,0.65,1.1,20,200,961.17,21.03,58.6,8.41,17,105.0,False
4.6,0.65,1.1,20,288,755.59,19.32,52.4,5.2,14,107.0,False
4.6,0.65,1.1,20,400,1236.4,23.07,56.8,6.43,17,110.0,False
4.6,0.65,1.1,30,150,1006.52,17.36,55.9,9.75,16,116.0,False
4.6,0.65,1.1,30,200,1045.52,16.34,57.3,7.44,15,110.0,False
4.6,0.65,1.1,30,288,921.45,35.73,54.2,5.21,15,120.0,False
4.6,0.65,1.1,30,400,836.03,36.4,57.3,5.93,15,118.0,False
4.6,0.65,1.2,5,150,917.35,16.67,55.1,5.48,18,88.0,False
4.6,0.65,1.2,5,200,1120.43,16.99,56.4,4.54,19,84.0,False
4.6,0.65,1.2,5,288,844.44,16.99,51.5,4.97,16,89.0,False
4.6,0.65,1.2,5,400,856.68,19.3,52.9,5.56,17,92.0,False
4.6,0.65,1.2,10,150,996.25,17.67,55.5,7.72,17,103.0,False
4.6,0.65,1.2,10,200,1139.67,19.43,55.5,7.19,18,95.0,False
4.6,0.65,1.2,10,288,743.7,25.28,55.1,8.83,17,103.0,False
4.6,0.65,1.2,10,400,754.64,18.71,58.6,4.2,16,103.0,False
4.6,0.65,1.2,15,150,902.93,16.52,57.3,8.49,17,109.0,False
4.6,0.65,1.2,15,200,851.86,16.59,56.8,7.74,18,105.0,False
4.6,0.65,1.2,15,288,680.78,20.94,55.5,7.46,16,110.0,False
4.6,0.65,1.2,15,400,766.49,16.84,53.7,7.54,19,114.0,False
4.6,0.65,1.2,20,150,824.12,28.23,53.7,4.24,17,118.0,False
4.6,0.65,1.2,20,200,962.48,18.75,59.0,7.35,15,113.0,False
4.6,0.65,1.2,20,288,608.34,21.5,52.9,1.89,15,118.0,False
4.6,0.65,1.2,20,400,852.37,26.12,51.1,7.03,17,120.0,False
4.6,0.65,1.2,30,150,897.53,33.33,48.5,5.71,15,131.0,False
4.6,0.65,1.2,30,200,696.25,32.67,54.6,7.41,18,118.0,False
4.6,0.65,1.2,30,288,638.54,38.97,52.0,5.12,15,128.0,False
4.6,0.65,1.2,30,400,720.2,48.05,52.9,2.07,14,132.0,False
4.6,0.75,0.8,5,150,1374.93,18.4,64.3,4.61,19,59.0,False
4.6,0.75,0.8,5,200,1600.19,18.4,58.6,6.12,19,56.0,False
4.6,0.75,0.8,5,288,1163.05,18.4,57.3,7.47,16,53.0,False
4.6,0.75,0.8,5,400,1272.8,20.71,62.1,5.72,19,52.0,False
4.6,0.75,0.8,10,150,1654.24,12.26,65.6,4.03,18,63.0,False
4.6,0.75,0.8,10,200,1564.5,13.79,66.1,8.08,19,58.0,False
4.6,0.75,0.8,10,288,1386.86,12.17,63.0,3.79,19,61.0,False
4.6,0.75,0.8,10,400,1683.73,12.24,64.8,6.66,19,62.0,False
4.6,0.75,0.8,15,150,1278.21,15.01,62.6,9.48,18,65.0,False
4.6,0.75,0.8,15,200,1614.53,18.88,65.2,7.23,19,60.0,False
4.6,0.75,0.8,15,288,1704.0,14.7,65.2,9.19,19,64.0,False
4.6,0.75,0.8,15,400,1404.07,15.51,59.5,6.21,19,59.0,False
4.6,0.75,0.8,20,150,1526.92,20.3,67.0,5.02,18,67.0,False
4.6,0.75,0.8,20,200,1802.01,20.35,70.0,6.33,18,69.0,False
4.6,0.75,0.8,20,288,1445.9,20.76,65.2,7.17,18,67.0,False
4.6,0.75,0.8,20,400,1832.19,20.45,67.8,5.61,19,64.0,False
4.6,0.75,0.8,30,150,1635.2,14.02,69.2,8.81,17,69.0,False
4.6,0.75,0.8,30,200,1653.02,14.37,63.9,5.06,18,68.0,False
4.6,0.75,0.8,30,288,1428.5,13.17,63.0,4.9,19,70.0,False
4.6,0.75,0.8,30,400,1336.67,13.51,63.0,5.72,18,64.0,False
4.6,0.75,0.9,5,150,1232.0,17.9,58.6,5.76,18,64.0,False
4.6,0.75,0.9,5,200,1255.75,21.68,60.8,6.75,19,61.0,False
4.6,0.75,0.9,5,288,815.47,18.4,55.9,4.21,18,63.0,False
4.6,0.75,0.9,5,400,1067.59,18.62,60.8,5.02,18,65.0,False
4.6,0.75,0.9,10,150,1176.51,17.36,58.6,7.79,19,72.0,False
4.6,0.75,0.9,10,200,1464.04,12.02,67.0,5.3,19,69.0,False
4.6,0.75,0.9,10,288,1596.52,11.82,68.3,6.36,19,70.0,False
4.6,0.75,0.9,10,400,1606.62,11.82,67.0,7.65,19,69.0,False
4.6,0.75,0.9,15,150,1242.52,14.15,65.6,11.33,18,71.0,False
4.6,0.75,0.9,15,200,1568.68,13.75,60.4,7.9,17,72.0,False
4.6,0.75,0.9,15,288,1510.11,14.24,60.4,4.81,18,72.0,False
4.6,0.75,0.9,15,400,1525.42,13.78,65.2,9.18,19,71.0,False
4.6,0.75,0.9,20,150,2074.39,20.23,69.6,8.42,19,79.0,False
4.6,0.75,0.9,20,200,1829.76,21.49,63.9,7.4,19,80.0,False
4.6,0.75,0.9,20,288,1265.36,21.34,63.4,7.82,19,79.0,False
4.6,0.75,0.9,20,400,1812.49,21.84,65.2,8.22,19,77.0,False
4.6,0.75,0.9,30,150,1562.61,18.49,64.8,7.59,18,85.0,False
4.6,0.75,0.9,30,200,1237.0,18.83,59.9,5.98,16,81.0,False
4.6,0.75,0.9,30,288,1063.06,22.95,61.2,5.67,18,82.0,False
4.6,0.75,0.9,30,400,1087.87,19.2,61.2,4.59,19,79.0,False
4.6,0.75,1.0,5,150,1111.87,18.29,58.6,4.48,18,68.0,False
4.6,0.75,1.0,5,200,984.33,18.29,54.2,5.75,16,68.0,False
4.6,0.75,1.0,5,288,975.36,18.63,59.9,3.89,17,71.0,False
4.6,0.75,1.0,5,400,683.12,17.68,60.4,9.23,17,69.0,False
4.6,0.75,1.0,10,150,1539.14,17.99,61.7,7.54,18,81.0,False
4.6,0.75,1.0,10,200,1355.53,17.38,61.7,7.87,19,75.0,False
4.6,0.75,1.0,10,288,1242.13,17.56,58.6,5.76,18,83.0,False
4.6,0.75,1.0,10,400,1000.67,16.55,58.1,7.47,19,81.0,False
4.6,0.75,1.0,15,150,1583.88,17.0,65.2,9.57,19,84.0,False
4.6,0.75,1.0,15,200,1115.41,13.36,59.9,5.74,18,80.0,False
4.6,0.75,1.0,15,288,1437.04,17.15,61.2,7.35,19,86.0,False
4.6,0.75,1.0,15,400,1355.99,14.13,62.6,7.22,19,85.0,False
4.6,0.75,1.0,20,150,1197.08,20.33,61.2,6.62,18,86.0,False
4.6,0.75,1.0,20,200,1276.37,20.85,63.4,10.3,19,89.0,False
4.6,0.75,1.0,20,288,1494.39,19.5,62.1,10.72,19,94.0,False
4.6,0.75,1.0,20,400,1272.34,19.65,61.7,6.96,19,89.0,False
4.6,0.75,1.0,30,150,1396.47,17.35,63.0,8.5,17,95.0,False
4.6,0.75,1.0,30,200,919.95,26.57,59.9,7.24,18,94.0,False
4.6,0.75,1.0,30,288,965.01,20.57,59.9,3.58,17,98.0,False
4.6,0.75,1.0,30,400,993.25,20.95,59.9,7.92,16,99.0,False
4.6,0.75,1.1,5,150,1260.73,20.33,61.7,7.48,19,76.0,False
4.6,0.75,1.1,5,200,1005.02,16.7,58.1,8.76,17,75.0,False
4.6,0.75,1.1,5,288,840.1,16.71,57.7,2.28,17,77.0,False
4.6,0.75,1.1,5,400,1033.98,18.13,55.1,3.85,17,76.0,False
4.6,0.75,1.1,10,150,1342.94,19.78,56.8,5.41,18,88.0,False
4.6,0.75,1.1,10,200,1189.4,20.31,61.7,8.98,19,84.0,False
4.6,0.75,1.1,10,288,922.94,18.76,59.9,6.97,17,94.0,False
4.6,0.75,1.1,10,400,1329.82,19.8,61.2,7.07,18,92.0,False
4.6,0.75,1.1,15,150,1638.48,17.88,64.3,8.99,18,95.0,False
4.6,0.75,1.1,15,200,1109.11,17.43,62.1,8.96,18,91.0,False
4.6,0.75,1.1,15,288,1376.42,17.18,62.6,10.01,18,96.0,False
4.6,0.75,1.1,15,400,921.28,18.53,59.0,5.1,17,97.0,False
4.6,0.75,1.1,20,150,1199.58,19.77,60.8,8.53,18,100.0,False
4.6,0.75,1.1,20,200,1370.05,19.68,63.0,5.26,19,97.0,False
4.6,0.75,1.1,20,288,1219.11,19.27,60.4,5.7,18,103.0,False
4.6,0.75,1.1,20,400,931.18,19.53,55.9,4.31,16,104.0,False
4.6,0.75,1.1,30,150,1104.62,16.08,54.6,4.96,18,108.0,False
4.6,0.75,1.1,30,200,1000.26,16.08,58.1,7.21,16,103.0,False
4.6,0.75,1.1,30,288,921.57,21.59,56.8,9.39,15,112.0,False
4.6,0.75,1.1,30,400,1117.32,20.11,57.3,5.99,18,115.0,False
4.6,0.75,1.2,5,150,862.63,19.25,53.7,6.79,17,75.0,False
4.6,0.75,1.2,5,200,936.07,21.57,56.4,4.41,17,85.0,False
4.6,0.75,1.2,5,288,818.26,21.14,53.7,9.02,18,84.0,False
4.6,0.75,1.2,5,400,979.67,25.24,53.3,5.57,17,83.0,False
4.6,0.75,1.2,10,150,958.5,20.92,55.9,6.11,18,98.0,False
4.6,0.75,1.2,10,200,990.32,19.33,57.3,9.13,18,90.0,False
4.6,0.75,1.2,10,288,738.54,20.75,56.8,7.05,19,100.0,False
4.6,0.75,1.2,10,400,989.64,20.39,55.1,7.14,19,98.0,False
4.6,0.75,1.2,15,150,1060.61,16.5,57.3,6.85,18,105.0,False
4.6,0.75,1.2,15,200,1056.86,16.73,59.0,7.17,19,102.0,False
4.6,0.75,1.2,15,288,764.26,19.66,56.4,7.33,19,103.0,False
4.6,0.75,1.2,15,400,969.3,15.5,55.5,7.92,19,110.0,False
4.6,0.75,1.2,20,150,637.78,21.17,55.1,2.77,16,112.0,False
4.6,0.75,1.2,20,200,1012.18,24.23,55.1,7.98,18,105.0,False
4.6,0.75,1.2,20,288,888.1,19.47,59.5,6.25,17,115.0,False
4.6,0.75,1.2,20,400,688.09,20.46,51.1,5.49,14,113.0,False
4.6,0.75,1.2,30,150,735.9,24.25,57.7,4.87,16,122.0,False
4.6,0.75,1.2,30,200,922.16,39.48,55.5,12.02,16,115.0,False
4.6,0.75,1.2,30,288,560.7,34.68,52.4,6.92,15,119.0,False
4.6,0.75,1.2,30,400,795.68,19.78,51.1,4.32,15,122.0,False
5.0,0.35,0.8,5,150,1332.17,22.32,61.2,6.38,19,68.0,False
5.0,0.35,0.8,5,200,1127.57,20.19,56.4,6.53,19,66.0,False
5.0,0.35,0.8,5,288,1860.42,19.7,62.6,8.71,19,71.0,False
5.0,0.35,0.8,5,400,1469.13,19.41,66.1,7.85,19,69.0,False
5.0,0.35,0.8,10,150,1528.17,18.84,56.8,5.35,19,77.0,False
5.0,0.35,0.8,10,200,1409.55,18.84,59.5,8.81,18,76.0,False
5.0,0.35,0.8,10,288,1413.95,19.02,62.6,6.78,18,71.0,False
5.0,0.35,0.8,10,400,1609.83,19.08,65.6,8.5,19,74.0,False
5.0,0.35,0.8,15,150,1609.1,15.43,62.1,6.58,19,77.0,False
5.0,0.35,0.8,15,200,1652.55,20.41,66.5,5.65,19,77.0,False
5.0,0.35,0.8,15,288,1510.96,15.48,59.5,8.31,18,78.0,False
5.0,0.35,0.8,15,400,1570.4,18.63,65.6,8.52,19,73.0,False
5.0,0.35,0.8,20,150,1494.6,14.72,59.0,4.4,17,81.0,False
5.0,0.35,0.8,20,200,1352.82,24.11,62.1,6.14,18,84.0,False
5.0,0.35,0.8,20,288,1696.82,14.64,66.1,7.72,18,86.0,False
5.0,0.35,0.8,20,400,1683.72,15.74,65.6,4.83,18,81.0,False
5.0,0.35,0.8,30,150,1484.74,16.57,61.2,8.8,18,80.0,False
5.0,0.35,0.8,30,200,1252.86,18.15,57.3,5.98,17,84.0,False
5.0,0.35,0.8,30,288,1307.49,13.07,63.0,8.72,18,90.0,False
5.0,0.35,0.8,30,400,1177.2,12.56,60.4,5.17,18,84.0,False
5.0,0.35,0.9,5,150,1335.74,19.81,62.1,11.76,19,76.0,False
5.0,0.35,0.9,5,200,1235.26,19.7,62.6,5.91,18,80.0,False
5.0,0.35,0.9,5,288,1595.93,21.47,62.6,13.05,18,77.0,False
5.0,0.35,0.9,5,400,1311.45,21.3,55.9,6.69,18,78.0,False
5.0,0.35,0.9,10,150,1150.03,19.56,59.9,9.09,17,82.0,False
5.0,0.35,0.9,10,200,1248.28,19.59,60.8,7.67,18,88.0,False
5.0,0.35,0.9,10,288,1380.59,20.17,59.9,6.35,17,85.0,False
5.0,0.35,0.9,10,400,1540.54,22.12,57.7,5.77,18,88.0,False
5.0,0.35,0.9,15,150,1132.66,20.13,60.8,7.66,19,93.0,False
5.0,0.35,0.9,15,200,1174.56,21.44,58.1,9.29,19,87.0,False
5.0,0.35,0.9,15,288,1445.4,20.99,62.1,10.5,17,90.0,False
5.0,0.35,0.9,15,400,1602.68,18.14,63.4,9.34,19,89.0,False
5.0,0.35,0.9,20,150,1036.29,26.28,57.3,6.22,18,95.0,False
5.0,0.35,0.9,20,200,1026.0,24.94,58.1,4.51,17,94.0,False
5.0,0.35,0.9,20,288,1184.37,29.55,63.4,9.71,18,95.0,False
5.0,0.35,0.9,20,400,1099.99,25.65,58.6,7.37,18,97.0,False
5.0,0.35,0.9,30,150,1061.13,25.53,55.9,11.76,18,94.0,False
5.0,0.35,0.9,30,200,955.63,22.23,55.5,3.8,17,98.0,False
5.0,0.35,0.9,30,288,905.73,22.38,57.3,5.49,15,105.0,False
5.0,0.35,0.9,30,400,1228.28,16.58,60.4,6.26,18,99.0,False
5.0,0.35,1.0,5,150,1195.97,25.37,55.1,8.89,17,88.0,False
5.0,0.35,1.0,5,200,833.22,23.42,55.1,5.45,16,87.0,False
5.0,0.35,1.0,5,288,1275.56,21.28,60.8,4.83,17,89.0,False
5.0,0.35,1.0,5,400,989.81,21.28,58.1,7.55,18,88.0,False
5.0,0.35,1.0,10,150,1067.95,20.56,58.1,5.69,19,97.0,False
5.0,0.35,1.0,10,200,1076.96,21.85,57.3,7.99,18,96.0,False
5.0,0.35,1.0,10,288,1063.67,19.75,60.8,9.5,18,95.0,False
5.0,0.35,1.0,10,400,1012.07,17.51,56.4,8.07,18,97.0,False
5.0,0.35,1.0,15,150,882.37,21.34,59.0,8.23,17,100.0,False
5.0,0.35,1.0,15,200,960.72,21.21,57.3,6.99,18,103.0,False
5.0,0.35,1.0,15,288,942.19,21.21,59.0,3.44,15,105.0,False
5.0,0.35,1.0,15,400,1067.15,21.38,60.8,11.71,18,104.0,False
5.0,0.35,1.0,20,150,787.53,26.03,57.3,7.0,17,108.0,False
5.0,0.35,1.0,20,200,1042.31,28.2,59.5,8.03,15,106.0,False
5.0,0.35,1.0,20,288,836.99,32.64,59.5,9.21,17,112.0,False
5.0,0.35,1.0,20,400,674.2,27.87,53.7,7.96,18,111.0,False
5.0,0.35,1.0,30,150,942.76,20.56,55.1,7.58,16,111.0,False
5.0,0.35,1.0,30,200,638.13,21.2,52.4,4.08,16,115.0,False
5.0,0.35,1.0,30,288,576.69,31.59,52.4,4.14,16,119.0,False
5.0,0.35,1.0,30,400,1012.64,15.27,56.4,4.76,18,115.0,False
5.0,0.35,1.1,5,150,860.33,26.33,57.7,6.03,18,97.0,False
5.0,0.35,1.1,5,200,872.77,23.91,57.3,4.93,18,92.0,False
5.0,0.35,1.1,5,288,697.06,28.72,55.5,5.79,16,94.0,False
5.0,0.35,1.1,5,400,615.15,19.51,53.7,2.1,17,96.0,False
5.0,0.35,1.1,10,150,952.35,34.81,56.4,9.44,16,113.0,False
5.0,0.35,1.1,10,200,957.95,24.27,59.0,9.48,17,105.0,False
5.0,0.35,1.1,10,288,911.02,21.71,58.1,6.54,16,111.0,False
5.0,0.35,1.1,10,400,1051.64,30.24,51.5,9.62,18,107.0,False
5.0,0.35,1.1,15,150,623.53,25.78,53.3,6.47,17,117.0,False
5.0,0.35,1.1,15,200,931.36,21.21,58.1,7.67,18,113.0,False
5.0,0.35,1.1,15,288,596.32,33.23,54.2,1.57,11,121.0,False
5.0,0.35,1.1,15,400,667.63,23.31,54.6,5.31,17,115.0,False
5.0,0.35,1.1,20,150,821.39,28.24,52.9,11.84,15,121.0,False
5.0,0.35,1.1,20,200,749.94,38.24,55.9,7.0,17,119.0,False
5.0,0.35,1.1,20,288,604.32,37.9,52.0,4.28,15,125.0,False
5.0,0.35,1.1,20,400,568.69,40.93,55.5,8.7,17,123.0,False
5.0,0.35,1.1,30,150,524.83,45.2,56.8,4.97,16,130.0,False
5.0,0.35,1.1,30,200,896.08,22.22,55.5,5.65,17,125.0,False
5.0,0.35,1.1,30,288,440.95,45.86,48.5,5.31,14,131.0,False
5.0,0.35,1.1,30,400,437.61,42.87,51.1,2.02,12,129.0,False
5.0,0.35,1.2,5,150,760.8,30.01,50.7,4.91,14,108.0,False
5.0,0.35,1.2,5,200,747.45,26.72,53.7,4.63,16,98.0,False
5.0,0.35,1.2,5,288,514.72,27.9,54.2,2.45,14,104.0,False
5.0,0.35,1.2,5,400,817.98,32.83,57.7,5.88,15,108.0,False
5.0,0.35,1.2,10,150,705.49,29.94,56.4,6.84,17,119.0,False
5.0,0.35,1.2,10,200,791.36,31.76,55.9,7.54,16,117.0,False
5.0,0.35,1.2,10,288,717.83,17.75,50.2,7.08,15,119.0,False
5.0,0.35,1.2,10,400,973.24,21.33,55.1,4.83,18,125.0,False
5.0,0.35,1.2,15,150,932.6,31.48,54.6,7.56,14,127.0,False
5.0,0.35,1.2,15,200,793.42,40.4,56.8,4.66,14,121.0,False
5.0,0.35,1.2,15,288,649.26,46.61,56.8,6.34,16,129.0,False
5.0,0.35,1.2,15,400,620.34,43.02,54.6,13.58,15,128.0,False
5.0,0.35,1.2,20,150,375.23,69.3,48.0,6.22,13,133.0,False
5.0,0.35,1.2,20,200,497.01,32.78,53.7,2.46,13,127.0,False
5.0,0.35,1.2,20,288,702.63,26.8,49.3,4.8,18,133.0,False
5.0,0.35,1.2,20,400,436.89,36.76,49.3,3.38,14,138.0,False
5.0,0.35,1.2,30,150,662.74,49.18,52.0,7.07,15,144.0,False
5.0,0.35,1.2,30,200,371.59,45.36,48.0,3.58,12,135.0,False
5.0,0.35,1.2,30,288,225.88,47.79,45.8,0.98,11,144.0,False
5.0,0.35,1.2,30,400,420.16,47.77,52.0,1.01,11,147.0,False
5.0,0.45,0.8,5,150,1573.88,21.76,61.2,5.38,15,61.0,False
5.0,0.45,0.8,5,200,1324.05,19.93,63.9,5.21,17,59.0,False
5.0,0.45,0.8,5,288,1283.0,21.41,64.3,5.59,19,61.0,False
5.0,0.45,0.8,5,400,1605.56,19.93,61.2,7.36,19,60.0,False
5.0,0.45,0.8,10,150,1185.3,19.15,60.8,6.57,18,71.0,False
5.0,0.45,0.8,10,200,1288.13,19.09,62.1,6.0,19,71.0,False
5.0,0.45,0.8,10,288,1702.42,19.39,68.3,7.48,19,66.0,False
5.0,0.45,0.8,10,400,1440.51,19.09,59.9,6.78,19,67.0,False
5.0,0.45,0.8,15,150,1257.4,18.48,64.3,6.16,18,69.0,False
5.0,0.45,0.8,15,200,1439.59,18.1,62.6,5.29,19,72.0,False
5.0,0.45,0.8,15,288,1740.96,19.3,64.8,7.76,19,72.0,False
5.0,0.45,0.8,15,400,1537.05,20.31,63.0,10.37,18,68.0,False
5.0,0.45,0.8,20,150,1388.56,17.52,63.9,7.58,19,76.0,False
5.0,0.45,0.8,20,200,1540.46,15.31,60.4,5.06,19,77.0,False
5.0,0.45,0.8,20,288,1435.15,14.93,62.6,9.76,18,75.0,False
5.0,0.45,0.8,20,400,1623.99,8.92,64.8,5.78,19,76.0,False
5.0,0.45,0.8,30,150,1497.42,16.99,62.1,9.17,19,74.0,False
5.0,0.45,0.8,30,200,1449.11,17.0,65.2,4.91,19,80.0,False
5.0,0.45,0.8,30,288,1198.06,13.32,59.5,7.4,18,82.0,False
5.0,0.45,0.8,30,400,1415.18,13.69,63.4,9.29,19,74.0,False
5.0,0.45,0.9,5,150,1300.5,19.9,59.0,4.71,18,72.0,False
5.0,0.45,0.9,5,200,1361.33,19.93,60.4,8.03,18,68.0,False
5.0,0.45,0.9,5,288,1246.49,19.93,57.3,7.41,18,73.0,False
5.0,0.45,0.9,5,400,1308.97,19.93,59.5,6.39,18,71.0,False
5.0,0.45,0.9,10,150,1001.18,19.74,56.8,4.8,18,82.0,False
5.0,0.45,0.9,10,200,1488.46,22.01,62.1,5.22,19,82.0,False
5.0,0.45,0.9,10,288,1295.15,19.15,59.9,5.13,19,84.0,False
5.0,0.45,0.9,10,400,1006.04,19.23,58.1,3.2,19,81.0,False
5.0,0.45,0.9,15,150,1476.02,19.44,65.6,6.66,18,82.0,False
5.0,0.45,0.9,15,200,1228.03,20.3,63.9,6.21,16,80.0,False
5.0,0.45,0.9,15,288,1359.19,22.24,64.3,8.16,18,84.0,False
5.0,0.45,0.9,15,400,1386.9,17.4,60.4,7.58,18,83.0,False
5.0,0.45,0.9,20,150,1239.51,16.27,60.4,5.37,17,86.0,False
5.0,0.45,0.9,20,200,1464.79,24.18,58.6,3.75,18,82.0,False
5.0,0.45,0.9,20,288,1206.89,24.16,57.3,7.15,19,90.0,False
5.0,0.45,0.9,20,400,1129.35,17.29,56.8,8.57,17,87.0,False
5.0,0.45,0.9,30,150,1614.95,17.01,61.2,5.13,19,91.0,False
5.0,0.45,0.9,30,200,1256.19,16.4,63.0,6.96,18,94.0,False
5.0,0.45,0.9,30,288,1154.25,15.89,59.9,7.08,18,93.0,False
5.0,0.45,0.9,30,400,1062.75,17.74,59.9,8.83,17,93.0,False
5.0,0.45,1.0,5,150,975.35,21.9,56.8,7.97,17,78.0,False
5.0,0.45,1.0,5,200,896.61,20.39,54.2,7.37,15,77.0,False
5.0,0.45,1.0,5,288,773.64,19.96,58.6,8.02,18,84.0,False
5.0,0.45,1.0,5,400,1152.86,19.53,61.2,3.93,17,83.0,False
5.0,0.45,1.0,10,150,1392.06,19.68,63.0,6.8,18,95.0,False
5.0,0.45,1.0,10,200,1324.85,19.15,62.1,5.35,17,89.0,False
5.0,0.45,1.0,10,288,924.97,20.6,57.7,4.0,15,90.0,False
5.0,0.45,1.0,10,400,901.72,23.01,61.2,3.89,15,91.0,False
5.0,0.45,1.0,15,150,1110.84,23.35,57.3,5.94,19,96.0,False
5.0,0.45,1.0,15,200,1170.03,22.32,59.5,8.23,18,92.0,False
5.0,0.45,1.0,15,288,934.57,24.44,52.4,5.06,17,101.0,False
5.0,0.45,1.0,15,400,1132.63,24.14,59.0,2.9,18,95.0,False
5.0,0.45,1.0,20,150,977.85,27.7,59.9,7.01,19,101.0,False
5.0,0.45,1.0,20,200,878.99,31.47,56.8,3.81,18,96.0,False
5.0,0.45,1.0,20,288,934.89,31.22,56.8,7.09,17,101.0,False
5.0,0.45,1.0,20,400,885.02,25.11,56.8,2.63,18,103.0,False
5.0,0.45,1.0,30,150,823.76,20.87,56.4,8.22,17,105.0,False
5.0,0.45,1.0,30,200,986.06,17.68,52.4,6.02,17,102.0,False
5.0,0.45,1.0,30,288,846.16,18.52,53.7,9.03,16,112.0,False
5.0,0.45,1.0,30,400,942.9,20.14,57.3,8.32,17,105.0,False
5.0,0.45,1.1,5,150,636.29,20.02,52.0,6.5,17,88.0,False
5.0,0.45,1.1,5,200,924.92,19.68,54.6,8.47,17,82.0,False
5.0,0.45,1.1,5,288,1106.47,20.2,55.9,7.75,17,92.0,False
5.0,0.45,1.1,5,400,710.9,20.2,59.0,4.77,17,90.0,False
5.0,0.45,1.1,10,150,1189.15,29.83,60.8,5.86,18,99.0,False
5.0,0.45,1.1,10,200,1072.3,26.42,52.0,7.47,18,93.0,False
5.0,0.45,1.1,10,288,1015.13,17.76,58.6,6.92,16,100.0,False
5.0,0.45,1.1,10,400,846.73,17.27,52.9,4.94,15,103.0,False
5.0,0.45,1.1,15,150,708.67,22.38,54.6,7.51,17,108.0,False
5.0,0.45,1.1,15,200,1019.46,21.02,59.0,7.58,16,105.0,False
5.0,0.45,1.1,15,288,974.09,23.06,55.1,5.38,18,111.0,False
5.0,0.45,1.1,15,400,722.07,35.19,50.2,1.22,15,107.0,False
5.0,0.45,1.1,20,150,768.88,28.98,58.1,9.68,18,114.0,False
5.0,0.45,1.1,20,200,947.48,33.33,53.7,3.56,15,108.0,False
5.0,0.45,1.1,20,288,634.2,26.63,53.7,5.88,16,118.0,False
5.0,0.45,1.1,20,400,889.4,27.82,59.0,10.04,19,120.0,False
5.0,0.45,1.1,30,150,925.11,23.31,56.4,8.8,18,117.0,False
5.0,0.45,1.1,30,200,504.5,38.97,53.3,1.64,16,116.0,False
5.0,0.45,1.1,30,288,640.16,24.92,54.6,1.75,15,124.0,False
5.0,0.45,1.1,30,400,705.91,30.64,52.9,3.13,16,122.0,False
5.0,0.45,1.2,5,150,548.54,27.19,50.7,3.43,16,95.0,False
5.0,0.45,1.2,5,200,494.9,24.14,50.2,4.45,15,92.0,False
5.0,0.45,1.2,5,288,694.78,25.55,53.3,9.35,17,90.0,False
5.0,0.45,1.2,5,400,918.53,18.95,53.7,6.89,16,94.0,False
5.0,0.45,1.2,10,150,521.6,28.63,51.5,6.48,14,111.0,False
5.0,0.45,1.2,10,200,974.67,26.23,58.1,9.1,17,106.0,False
5.0,0.45,1.2,10,288,945.77,26.0,53.7,8.26,17,110.0,False
5.0,0.45,1.2,10,400,423.29,17.54,53.7,2.17,11,116.0,False
5.0,0.45,1.2,15,150,674.24,28.83,58.1,3.77,13,116.0,False
5.0,0.45,1.2,15,200,819.45,27.89,55.9,5.63,15,107.0,False
5.0,0.45,1.2,15,288,648.37,22.88,51.1,5.83,15,121.0,False
5.0,0.45,1.2,15,400,971.01,22.14,51.5,5.23,17,119.0,False
5.0,0.45,1.2,20,150,520.9,34.96,51.5,5.4,14,125.0,False
5.0,0.45,1.2,20,200,526.19,29.31,54.6,8.38,16,118.0,False
5.0,0.45,1.2,20,288,525.92,47.39,54.6,6.56,14,125.0,False
5.0,0.45,1.2,20,400,701.54,25.73,56.8,2.48,15,127.0,False
5.0,0.45,1.2,30,150,622.01,36.04,49.3,2.93,14,134.0,False
5.0,0.45,1.2,30,200,693.75,34.18,53.3,8.53,14,119.0,False
5.0,0.45,1.2,30,288,263.43,36.12,47.6,1.37,13,133.0,False
5.0,0.45,1.2,30,400,509.59,33.38,53.3,8.91,17,134.0,False
5.0,0.55,0.8,5,150,1524.85,14.98,60.8,4.95,19,57.0,False
5.0,0.55,0.8,5,200,1639.38,14.8,60.8,6.06,14,56.0,False
5.0,0.55,0.8,5,288,1297.14,15.0,56.8,3.96,17,53.0,False
5.0,0.55,0.8,5,400,1608.28,14.8,62.1,7.79,17,57.0,False
5.0,0.55,0.8,10,150,1208.88,19.12,66.1,4.7,18,66.0,False
5.0,0.55,0.8,10,200,1264.51,19.12,62.1,7.52,19,64.0,False
5.0,0.55,0.8,10,288,1483.63,19.16,63.9,7.84,18,64.0,False
5.0,0.55,0.8,10,400,1679.19,21.67,64.8,8.66,19,64.0,False
5.0,0.55,0.8,15,150,1231.43,18.97,63.4,8.67,18,65.0,False
5.0,0.55,0.8,15,200,1388.05,18.64,63.4,7.18,19,64.0,False
5.0,0.55,0.8,15,288,1542.08,17.91,63.4,4.17,17,70.0,False
5.0,0.55,0.8,15,400,1376.32,18.49,65.6,8.46,18,66.0,False
5.0,0.55,0.8,20,150,1667.01,20.72,65.2,7.04,19,69.0,False
5.0,0.55,0.8,20,200,1781.32,20.72,66.1,6.65,19,69.0,False
5.0,0.55,0.8,20,288,1631.84,20.49,66.1,7.29,18,72.0,False
5.0,0.55,0.8,20,400,1509.47,21.25,63.4,8.03,19,67.0,False
5.0,0.55,0.8,30,150,1379.38,14.07,64.8,6.28,18,73.0,False
5.0,0.55,0.8,30,200,1288.85,14.99,63.4,5.66,19,75.0,False
5.0,0.55,0.8,30,288,1170.53,15.08,58.6,6.48,19,76.0,False
5.0,0.55,0.8,30,400,1426.87,15.82,62.6,6.71,19,69.0,False
5.0,0.55,0.9,5,150,1227.43,14.81,60.4,5.13,17,73.0,False
5.0,0.55,0.9,5,200,1116.84,14.81,57.7,4.81,18,65.0,False
5.0,0.55,0.9,5,288,1479.42,14.8,60.8,5.16,16,66.0,False
5.0,0.55,0.9,5,400,1425.69,15.52,59.9,7.16,18,65.0,False
5.0,0.55,0.9,10,150,1351.32,20.03,64.3,5.17,18,76.0,False
5.0,0.55,0.9,10,200,1359.79,19.7,59.9,5.91,19,72.0,False
5.0,0.55,0.9,10,288,1480.85,19.48,63.0,7.03,19,73.0,False
5.0,0.55,0.9,10,400,1351.02,19.82,63.4,6.89,19,74.0,False
5.0,0.55,0.9,15,150,1192.34,18.05,61.2,7.44,18,82.0,False
5.0,0.55,0.9,15,200,1429.68,21.04,65.2,10.75,17,73.0,False
5.0,0.55,0.9,15,288,1497.54,21.04,63.9,8.36,19,78.0,False
5.0,0.55,0.9,15,400,1370.47,17.91,66.1,9.14,19,75.0,False
5.0,0.55,0.9,20,150,909.17,23.21,58.6,5.38,18,79.0,False
5.0,0.55,0.9,20,200,1586.84,21.92,64.3,9.19,19,82.0,False
5.0,0.55,0.9,20,288,1765.83,21.78,67.0,6.59,19,85.0,False
5.0,0.55,0.9,20,400,1619.73,21.5,66.1,8.36,19,83.0,False
5.0,0.55,0.9,30,150,1315.95,15.5,59.0,6.98,18,82.0,False
5.0,0.55,0.9,30,200,1556.97,14.76,62.1,5.23,19,87.0,False
5.0,0.55,0.9,30,288,1348.78,14.9,59.9,6.48,18,86.0,False
5.0,0.55,0.9,30,400,1660.33,11.44,62.1,5.53,19,85.0,False
5.0,0.55,1.0,5,150,1472.16,14.76,60.4,9.05,19,74.0,False
5.0,0.55,1.0,5,200,854.85,15.82,55.5,3.23,18,68.0,False
5.0,0.55,1.0,5,288,943.65,15.26,56.8,5.61,16,74.0,False
5.0,0.55,1.0,5,400,1202.74,15.48,55.9,5.73,18,73.0,False
5.0,0.55,1.0,10,150,1220.95,21.18,62.1,7.94,17,84.0,False
5.0,0.55,1.0,10,200,1369.98,20.2,62.1,6.52,19,80.0,False
5.0,0.55,1.0,10,288,1121.75,20.13,58.1,9.19,18,85.0,False
5.0,0.55,1.0,10,400,1100.13,20.34,62.6,6.63,18,85.0,False
5.0,0.55,1.0,15,150,1152.11,23.05,62.6,8.17,18,91.0,False
5.0,0.55,1.0,15,200,1077.35,23.16,60.4,9.32,18,86.0,False
5.0,0.55,1.0,15,288,1139.17,22.25,62.1,9.64,16,91.0,False
5.0,0.55,1.0,15,400,1167.88,24.12,60.4,9.17,17,87.0,False
5.0,0.55,1.0,20,150,1143.89,21.62,59.5,6.47,19,94.0,False
5.0,0.55,1.0,20,200,1416.6,20.2,59.5,5.3,17,89.0,False
5.0,0.55,1.0,20,288,1686.69,21.96,59.0,7.77,18,94.0,False
5.0,0.55,1.0,20,400,1400.88,20.87,62.1,5.6,18,97.0,False
5.0,0.55,1.0,30,150,1536.8,16.33,63.0,8.63,17,100.0,False
5.0,0.55,1.0,30,200,1040.32,17.78,58.1,4.21,17,93.0,False
5.0,0.55,1.0,30,288,953.49,14.26,53.7,7.51,17,104.0,False
5.0,0.55,1.0,30,400,1511.81,16.62,62.6,7.7,18,100.0,False
5.0,0.55,1.1,5,150,778.78,21.92,52.0,3.66,17,82.0,False
5.0,0.55,1.1,5,200,834.32,20.8,54.6,4.5,14,78.0,False
5.0,0.55,1.1,5,288,1089.4,16.74,56.8,7.42,18,87.0,False
5.0,0.55,1.1,5,400,991.73,16.77,53.7,7.57,18,80.0,False
5.0,0.55,1.1,10,150,1096.62,18.75,60.8,4.25,18,94.0,False
5.0,0.55,1.1,10,200,1059.07,20.34,61.2,8.5,18,91.0,False
5.0,0.55,1.1,10,288,847.02,25.84,55.1,5.64,16,95.0,False
5.0,0.55,1.1,10,400,1035.57,26.3,54.6,7.1,17,94.0,False
5.0,0.55,1.1,15,150,1220.97,20.77,61.2,6.04,17,104.0,False
5.0,0.55,1.1,15,200,1197.09,21.11,63.0,6.9,17,94.0,False
5.0,0.55,1.1,15,288,808.9,22.69,56.8,10.31,16,101.0,False
5.0,0.55,1.1,15,400,818.21,23.48,58.6,7.09,16,99.0,False
5.0,0.55,1.1,20,150,853.05,21.06,58.6,7.29,17,104.0,False
5.0,0.55,1.1,20,200,1264.21,23.01,62.1,10.01,18,100.0,False
5.0,0.55,1.1,20,288,1103.7,24.47,57.3,6.97,19,108.0,False
5.0,0.55,1.1,20,400,879.51,22.05,57.7,4.59,14,111.0,False
5.0,0.55,1.1,30,150,799.88,22.95,51.5,7.56,17,109.0,False
5.0,0.55,1.1,30,200,1087.59,25.68,59.5,8.49,19,106.0,False
5.0,0.55,1.1,30,288,623.58,19.7,50.7,5.32,18,115.0,False
5.0,0.55,1.1,30,400,847.2,15.94,58.6,6.12,17,112.0,False
5.0,0.55,1.2,5,150,997.94,26.62,56.8,7.09,16,93.0,False
5.0,0.55,1.2,5,200,787.59,23.63,52.0,1.88,14,79.0,False
5.0,0.55,1.2,5,288,545.99,23.25,46.3,1.07,12,83.0,False
5.0,0.55,1.2,5,400,858.84,19.39,55.1,3.49,15,86.0,False
5.0,0.55,1.2,10,150,1051.94,19.26,55.5,6.72,18,103.0,False
5.0,0.55,1.2,10,200,839.12,21.34,53.7,8.28,17,101.0,False
5.0,0.55,1.2,10,288,727.86,23.01,52.9,3.54,16,99.0,False
5.0,0.55,1.2,10,400,907.55,19.79,55.9,4.84,17,103.0,False
5.0,0.55,1.2,15,150,692.86,22.87,55.5,3.08,17,112.0,False
5.0,0.55,1.2,15,200,837.5,27.04,55.9,9.2,17,106.0,False
5.0,0.55,1.2,15,288,664.24,27.49,55.1,3.88,16,112.0,False
5.0,0.55,1.2,15,400,821.31,30.7,54.2,6.61,18,110.0,False
5.0,0.55,1.2,20,150,515.46,32.17,53.7,5.38,15,114.0,False
5.0,0.55,1.2,20,200,950.23,23.14,55.5,4.46,17,111.0,False
5.0,0.55,1.2,20,288,839.4,25.32,53.7,5.23,17,118.0,False
5.0,0.55,1.2,20,400,605.15,31.07,54.6,7.73,15,118.0,False
5.0,0.55,1.2,30,150,806.01,20.14,53.7,2.77,14,125.0,False
5.0,0.55,1.2,30,200,718.78,18.18,54.6,2.02,14,117.0,False
5.0,0.55,1.2,30,288,761.87,21.74,52.9,8.84,17,127.0,False
5.0,0.55,1.2,30,400,607.19,33.99,51.1,10.07,16,130.0,False
5.0,0.65,0.8,5,150,1396.47,15.65,57.7,6.7,18,55.0,False
5.0,0.65,0.8,5,200,1863.53,15.65,62.6,6.94,16,54.0,False
5.0,0.65,0.8,5,288,1331.64,15.65,57.7,5.8,17,53.0,False
5.0,0.65,0.8,5,400,1798.6,15.65,62.6,4.16,19,56.0,False
5.0,0.65,0.8,10,150,1383.44,19.5,63.0,8.26,19,61.0,False
5.0,0.65,0.8,10,200,1749.49,20.04,67.4,8.07,19,61.0,False
5.0,0.65,0.8,10,288,1621.11,19.62,63.9,5.59,19,57.0,False
5.0,0.65,0.8,10,400,1537.97,19.81,68.3,7.77,19,59.0,False
5.0,0.65,0.8,15,150,1656.55,17.38,62.6,7.21,19,58.0,False
5.0,0.65,0.8,15,200,1310.32,17.16,62.1,6.67,19,60.0,False
5.0,0.65,0.8,15,288,1449.75,16.4,61.2,8.32,19,61.0,False
5.0,0.65,0.8,15,400,1420.64,16.38,60.4,4.95,18,60.0,False
5.0,0.65,0.8,20,150,1663.51,20.41,68.3,6.02,19,65.0,False
5.0,0.65,0.8,20,200,1308.82,20.17,66.1,10.29,18,64.0,False
5.0,0.65,0.8,20,288,1702.0,20.16,66.1,5.95,17,66.0,False
5.0,0.65,0.8,20,400,1782.47,19.94,73.6,5.49,19,64.0,False
5.0,0.65,0.8,30,150,1392.83,12.95,66.1,7.19,19,65.0,False
5.0,0.65,0.8,30,200,1744.64,12.53,64.3,6.29,19,69.0,False
5.0,0.65,0.8,30,288,1445.92,12.43,60.4,5.97,19,69.0,False
5.0,0.65,0.8,30,400,1630.43,12.79,66.1,5.99,18,65.0,False
5.0,0.65,0.9,5,150,1438.71,15.41,60.8,3.61,18,64.0,False
5.0,0.65,0.9,5,200,1226.94,16.63,56.4,3.79,17,59.0,False
5.0,0.65,0.9,5,288,1218.24,15.41,59.9,4.75,19,64.0,False
5.0,0.65,0.9,5,400,1245.34,15.41,57.7,5.92,19,60.0,False
5.0,0.65,0.9,10,150,1231.48,20.77,63.4,5.17,16,68.0,False
5.0,0.65,0.9,10,200,1296.88,19.26,62.1,8.45,18,65.0,False
5.0,0.65,0.9,10,288,1259.19,19.34,63.4,9.15,18,71.0,False
5.0,0.65,0.9,10,400,1265.49,19.26,59.9,7.79,19,69.0,False
5.0,0.65,0.9,15,150,1425.34,16.47,63.0,6.54,19,72.0,False
5.0,0.65,0.9,15,200,1369.18,16.55,63.0,6.71,18,71.0,False
5.0,0.65,0.9,15,288,1226.0,16.57,62.6,6.72,19,72.0,False
5.0,0.65,0.9,15,400,1531.02,16.55,66.5,7.55,19,72.0,False
5.0,0.65,0.9,20,150,1222.45,20.75,63.4,5.4,18,76.0,False
5.0,0.65,0.9,20,200,1350.29,20.47,65.2,5.21,18,74.0,False
5.0,0.65,0.9,20,288,1260.29,20.48,59.9,6.49,16,73.0,False
5.0,0.65,0.9,20,400,1406.59,21.82,62.1,4.56,18,73.0,False
5.0,0.65,0.9,30,150,1445.94,17.35,60.8,5.77,18,77.0,False
5.0,0.65,0.9,30,200,1688.38,16.58,67.0,7.78,18,79.0,False
5.0,0.65,0.9,30,288,1483.08,16.19,62.1,6.54,19,84.0,False
5.0,0.65,0.9,30,400,1317.0,15.52,59.9,5.3,18,80.0,False
5.0,0.65,1.0,5,150,982.01,18.92,57.3,5.82,17,69.0,False
5.0,0.65,1.0,5,200,1029.69,18.53,60.4,4.62,18,68.0,False
5.0,0.65,1.0,5,288,1389.03,22.72,60.8,5.08,19,68.0,False
5.0,0.65,1.0,5,400,920.51,22.72,55.1,3.85,18,68.0,False
5.0,0.65,1.0,10,150,1333.68,19.5,62.1,7.98,19,83.0,False
5.0,0.65,1.0,10,200,1242.75,19.8,58.6,6.11,19,75.0,False
5.0,0.65,1.0,10,288,1470.7,20.37,63.4,9.11,19,82.0,False
5.0,0.65,1.0,10,400,1304.48,21.09,58.6,7.92,18,83.0,False
5.0,0.65,1.0,15,150,1277.19,16.62,65.2,4.54,16,86.0,False
5.0,0.65,1.0,15,200,1041.88,16.14,61.7,5.12,19,82.0,False
5.0,0.65,1.0,15,288,1325.73,19.04,62.1,6.18,18,78.0,False
5.0,0.65,1.0,15,400,1152.73,18.01,57.3,6.27,18,84.0,False
5.0,0.65,1.0,20,150,1099.55,21.95,59.5,4.57,18,87.0,False
5.0,0.65,1.0,20,200,1178.04,23.04,60.8,7.46,19,85.0,False
5.0,0.65,1.0,20,288,1008.26,21.87,62.1,5.33,18,84.0,False
5.0,0.65,1.0,20,400,1321.8,25.01,62.6,7.55,18,82.0,False
5.0,0.65,1.0,30,150,1445.47,16.17,64.8,7.29,18,90.0,False
5.0,0.65,1.0,30,200,1345.55,15.56,63.0,6.57,19,92.0,False
5.0,0.65,1.0,30,288,1308.94,15.9,55.9,4.4,18,95.0,False
5.0,0.65,1.0,30,400,1797.06,16.04,64.8,9.32,17,96.0,False
5.0,0.65,1.1,5,150,926.2,19.89,56.4,5.57,17,72.0,False
5.0,0.65,1.1,5,200,734.27,19.94,54.6,7.78,18,75.0,False
5.0,0.65,1.1,5,288,946.37,20.68,55.9,7.07,17,71.0,False
5.0,0.65,1.1,5,400,919.8,20.68,56.4,4.12,17,79.0,False
5.0,0.65,1.1,10,150,889.46,20.02,55.1,4.69,17,89.0,False
5.0,0.65,1.1,10,200,1417.7,20.55,66.1,9.89,19,83.0,False
5.0,0.65,1.1,10,288,885.57,19.77,58.1,5.88,19,89.0,False
5.0,0.65,1.1,10,400,902.85,25.46,58.6,5.18,16,88.0,False
5.0,0.65,1.1,15,150,1081.06,16.39,62.6,5.07,17,92.0,False
5.0,0.65,1.1,15,200,1165.64,19.04,63.9,9.72,19,88.0,False
5.0,0.65,1.1,15,288,936.24,19.04,61.7,6.38,17,92.0,False
5.0,0.65,1.1,15,400,1096.17,19.04,63.0,5.37,19,95.0,False
5.0,0.65,1.1,20,150,946.99,26.59,59.0,9.09,15,98.0,False
5.0,0.65,1.1,20,200,1117.24,19.04,59.0,7.5,18,92.0,False
5.0,0.65,1.1,20,288,876.71,20.67,55.9,8.15,18,99.0,False
5.0,0.65,1.1,20,400,849.77,20.55,60.4,7.13,18,99.0,False
5.0,0.65,1.1,30,150,1066.12,18.18,60.4,7.24,17,106.0,False
5.0,0.65,1.1,30,200,1110.36,17.96,57.7,6.7,18,103.0,False
5.0,0.65,1.1,30,288,766.99,24.05,55.9,8.11,17,103.0,False
5.0,0.65,1.1,30,400,859.9,22.07,51.1,7.4,16,108.0,False
5.0,0.65,1.2,5,150,690.89,21.67,52.9,2.78,18,85.0,False
5.0,0.65,1.2,5,200,654.02,25.58,54.2,3.93,17,77.0,False
5.0,0.65,1.2,5,288,897.79,21.67,57.3,6.25,17,79.0,False
5.0,0.65,1.2,5,400,815.89,21.67,55.5,5.68,18,83.0,False
5.0,0.65,1.2,10,150,756.29,24.38,57.3,7.23,18,95.0,False
5.0,0.65,1.2,10,200,752.9,20.34,56.8,5.59,16,92.0,False
5.0,0.65,1.2,10,288,804.74,19.77,53.7,7.76,15,94.0,False
5.0,0.65,1.2,10,400,690.63,23.94,56.8,4.75,14,103.0,False
5.0,0.65,1.2,15,150,854.89,15.62,56.8,7.18,18,99.0,False
5.0,0.65,1.2,15,200,1010.15,14.35,53.7,10.64,16,94.0,False
5.0,0.65,1.2,15,288,876.93,17.01,56.4,3.64,15,104.0,False
5.0,0.65,1.2,15,400,951.38,19.67,54.6,8.3,18,102.0,False
5.0,0.65,1.2,20,150,642.47,19.74,55.5,5.24,17,107.0,False
5.0,0.65,1.2,20,200,668.44,35.34,53.7,7.15,15,100.0,False
5.0,0.65,1.2,20,288,666.89,26.3,55.9,5.8,16,107.0,False
5.0,0.65,1.2,20,400,595.34,30.89,52.4,7.39,14,109.0,False
5.0,0.65,1.2,30,150,910.97,30.36,56.4,8.7,18,118.0,False
5.0,0.65,1.2,30,200,922.57,36.69,52.0,8.15,17,112.0,False
5.0,0.65,1.2,30,288,853.73,40.01,52.0,6.84,16,115.0,False
5.0,0.65,1.2,30,400,638.3,37.35,52.0,7.49,17,119.0,False
5.0,0.75,0.8,5,150,1128.3,16.44,57.3,6.63,18,49.0,False
5.0,0.75,0.8,5,200,1393.81,16.43,61.7,6.34,19,53.0,False
5.0,0.75,0.8,5,288,1106.28,16.43,59.9,7.02,18,51.0,False
5.0,0.75,0.8,5,400,1324.0,16.43,57.3,6.14,18,51.0,False
5.0,0.75,0.8,10,150,1481.63,20.3,61.2,6.34,18,58.0,False
5.0,0.75,0.8,10,200,1865.83,19.41,69.2,7.32,19,55.0,False
5.0,0.75,0.8,10,288,1666.08,19.41,62.6,6.63,19,51.0,False
5.0,0.75,0.8,10,400,1547.15,20.13,65.2,7.09,19,55.0,False
5.0,0.75,0.8,15,150,1481.61,18.5,63.0,4.38,18,58.0,False
5.0,0.75,0.8,15,200,1707.4,17.6,63.4,5.74,18,57.0,False
5.0,0.75,0.8,15,288,1519.65,18.48,62.6,9.77,19,56.0,False
5.0,0.75,0.8,15,400,1550.95,18.83,65.6,7.43,19,58.0,False
5.0,0.75,0.8,20,150,1317.43,20.36,68.3,8.9,19,59.0,False
5.0,0.75,0.8,20,200,1233.99,20.36,62.1,5.72,19,63.0,False
5.0,0.75,0.8,20,288,1353.92,20.13,67.0,6.32,19,61.0,False
5.0,0.75,0.8,20,400,1467.57,20.38,68.7,7.05,19,59.0,False
5.0,0.75,0.8,30,150,1662.24,12.99,63.9,6.19,18,64.0,False
5.0,0.75,0.8,30,200,1417.03,12.56,64.8,8.62,19,66.0,False
5.0,0.75,0.8,30,288,1444.67,12.46,59.0,6.07,18,67.0,False
5.0,0.75,0.8,30,400,1580.87,12.83,64.3,10.24,18,60.0,False
5.0,0.75,0.9,5,150,1059.84,18.47,56.8,5.57,18,58.0,False
5.0,0.75,0.9,5,200,1250.6,16.48,58.6,5.78,17,56.0,False
5.0,0.75,0.9,5,288,1241.84,16.19,57.3,5.07,18,56.0,False
5.0,0.75,0.9,5,400,1171.65,16.19,58.1,6.4,18,55.0,False
5.0,0.75,0.9,10,150,1122.36,20.27,61.7,6.67,19,67.0,False
5.0,0.75,0.9,10,200,1464.02,19.41,63.0,4.96,19,65.0,False
5.0,0.75,0.9,10,288,1326.36,19.89,66.1,8.76,18,65.0,False
5.0,0.75,0.9,10,400,1216.14,19.41,61.2,6.57,17,63.0,False
5.0,0.75,0.9,15,150,1351.49,17.04,62.1,8.9,18,63.0,False
5.0,0.75,0.9,15,200,1294.9,17.04,61.2,5.67,19,64.0,False
5.0,0.75,0.9,15,288,1253.03,17.04,62.1,7.03,18,64.0,False
5.0,0.75,0.9,15,400,1260.13,17.04,64.3,7.54,19,67.0,False
5.0,0.75,0.9,20,150,1450.97,21.62,67.0,5.45,17,74.0,False
5.0,0.75,0.9,20,200,1433.01,21.26,62.6,5.93,19,69.0,False
5.0,0.75,0.9,20,288,1299.61,21.21,65.2,5.19,19,74.0,False
5.0,0.75,0.9,20,400,1306.17,22.52,61.7,5.14,17,70.0,False
5.0,0.75,0.9,30,150,1633.75,16.56,60.4,5.98,19,73.0,False
5.0,0.75,0.9,30,200,1534.07,16.89,64.3,6.38,18,75.0,False
5.0,0.75,0.9,30,288,1490.15,16.52,61.2,6.86,18,80.0,False
5.0,0.75,0.9,30,400,1196.74,17.32,59.9,7.06,16,74.0,False
5.0,0.75,1.0,5,150,1142.1,19.62,59.5,8.09,18,65.0,False
5.0,0.75,1.0,5,200,842.64,19.62,54.2,6.67,18,65.0,False
5.0,0.75,1.0,5,288,975.87,21.77,58.1,7.08,18,66.0,False
5.0,0.75,1.0,5,400,807.03,20.1,57.3,7.33,16,62.0,False
5.0,0.75,1.0,10,150,1209.06,24.69,63.4,6.77,17,76.0,False
5.0,0.75,1.0,10,200,1253.91,19.58,62.6,7.25,18,71.0,False
5.0,0.75,1.0,10,288,1163.57,20.77,57.3,8.11,19,73.0,False
5.0,0.75,1.0,10,400,1099.57,19.77,61.2,8.77,18,75.0,False
5.0,0.75,1.0,15,150,1084.76,18.4,58.1,7.81,18,77.0,False
5.0,0.75,1.0,15,200,1349.06,18.06,58.6,11.67,18,71.0,False
5.0,0.75,1.0,15,288,1368.61,19.89,62.1,7.41,19,78.0,False
5.0,0.75,1.0,15,400,1492.95,19.18,59.5,9.86,19,77.0,False
5.0,0.75,1.0,20,150,1122.32,21.84,61.7,6.39,19,80.0,False
5.0,0.75,1.0,20,200,1152.46,23.18,60.4,6.72,18,76.0,False
5.0,0.75,1.0,20,288,1338.36,20.68,60.4,6.07,19,85.0,False
5.0,0.75,1.0,20,400,1058.7,21.24,55.9,5.93,18,81.0,False
5.0,0.75,1.0,30,150,1314.48,15.81,62.1,6.64,19,88.0,False
5.0,0.75,1.0,30,200,1385.82,17.49,65.2,5.67,18,83.0,False
5.0,0.75,1.0,30,288,1485.09,15.2,58.6,5.8,17,92.0,False
5.0,0.75,1.0,30,400,1494.56,17.48,63.9,14.35,17,89.0,False
5.0,0.75,1.1,5,150,808.62,23.9,54.6,3.88,19,67.0,False
5.0,0.75,1.1,5,200,971.05,19.38,59.0,5.5,18,67.0,False
5.0,0.75,1.1,5,288,670.23,17.89,50.2,5.78,19,69.0,False
5.0,0.75,1.1,5,400,1108.47,19.73,55.5,6.57,17,71.0,False
5.0,0.75,1.1,10,150,907.54,23.6,62.6,7.75,17,83.0,False
5.0,0.75,1.1,10,200,752.92,20.38,57.7,9.04,18,76.0,False
5.0,0.75,1.1,10,288,1004.03,19.91,57.3,5.64,17,81.0,False
5.0,0.75,1.1,10,400,1127.57,20.96,57.3,6.3,18,82.0,False
5.0,0.75,1.1,15,150,1349.71,18.53,62.1,7.62,17,85.0,False
5.0,0.75,1.1,15,200,1236.56,19.68,60.4,5.88,18,80.0,False
5.0,0.75,1.1,15,288,1207.0,19.53,59.5,10.36,18,85.0,False
5.0,0.75,1.1,15,400,954.42,20.66,62.1,5.3,18,86.0,False
5.0,0.75,1.1,20,150,1016.35,18.5,59.9,8.25,17,88.0,False
5.0,0.75,1.1,20,200,1034.93,20.7,58.6,8.7,19,87.0,False
5.0,0.75,1.1,20,288,1088.05,23.79,57.3,6.62,16,94.0,False
5.0,0.75,1.1,20,400,1161.6,20.4,58.1,8.45,19,96.0,False
5.0,0.75,1.1,30,150,1073.43,21.03,59.0,7.57,19,96.0,False
5.0,0.75,1.1,30,200,1198.52,18.4,61.2,9.54,19,95.0,False
5.0,0.75,1.1,30,288,1066.79,21.76,59.0,5.15,18,98.0,False
5.0,0.75,1.1,30,400,942.86,16.5,57.3,4.93,15,97.0,False
5.0,0.75,1.2,5,150,778.61,26.88,50.7,3.5,19,75.0,False
5.0,0.75,1.2,5,200,569.63,23.81,49.8,5.88,17,66.0,False
5.0,0.75,1.2,5,288,722.31,22.42,52.4,3.28,17,77.0,False
5.0,0.75,1.2,5,400,1041.97,22.96,54.6,7.21,19,75.0,False
5.0,0.75,1.2,10,150,1043.75,19.97,55.5,4.55,17,93.0,False
5.0,0.75,1.2,10,200,1419.74,19.09,59.5,7.07,17,87.0,False
5.0,0.75,1.2,10,288,904.88,26.5,59.0,4.96,17,91.0,False
5.0,0.75,1.2,10,400,953.91,23.65,58.1,7.16,17,90.0,False
5.0,0.75,1.2,15,150,825.33,18.02,60.4,7.17,18,90.0,False
5.0,0.75,1.2,15,200,988.39,16.58,58.1,4.7,19,87.0,False
5.0,0.75,1.2,15,288,838.25,18.65,56.4,7.92,18,97.0,False
5.0,0.75,1.2,15,400,737.97,19.18,58.1,4.48,18,98.0,False
5.0,0.75,1.2,20,150,940.86,23.67,57.3,7.38,18,103.0,False
5.0,0.75,1.2,20,200,788.16,21.3,58.1,4.73,17,92.0,False
5.0,0.75,1.2,20,288,870.17,20.41,55.1,4.88,17,100.0,False
5.0,0.75,1.2,20,400,668.32,20.93,55.9,7.83,15,100.0,False
5.0,0.75,1.2,30,150,1209.73,18.19,61.2,7.65,18,113.0,False
5.0,0.75,1.2,30,200,1061.64,23.47,58.1,7.75,19,102.0,False
5.0,0.75,1.2,30,288,964.3,24.53,58.1,5.46,17,111.0,False
5.0,0.75,1.2,30,400,610.03,15.9,53.3,1.83,14,115.0,False
5.4,0.35,0.8,5,150,1281.56,18.95,59.9,3.83,18,64.0,False
5.4,0.35,0.8,5,200,1155.41,22.23,52.9,5.12,16,60.0,False
5.4,0.35,0.8,5,288,1373.99,22.29,60.4,4.89,18,63.0,False
5.4,0.35,0.8,5,400,1521.67,22.29,63.9,9.35,16,63.0,False
5.4,0.35,0.8,10,150,1309.72,19.24,66.5,5.51,18,72.0,False
5.4,0.35,0.8,10,200,1213.06,20.16,60.8,5.28,19,71.0,False
5.4,0.35,0.8,10,288,1493.89,19.87,62.1,4.9,19,70.0,False
5.4,0.35,0.8,10,400,1844.25,20.55,63.9,5.59,18,70.0,False
5.4,0.35,0.8,15,150,1275.84,18.6,63.4,5.51,19,74.0,False
5.4,0.35,0.8,15,200,1638.39,20.0,64.3,6.46,18,72.0,False
5.4,0.35,0.8,15,288,1485.41,19.64,62.6,7.58,18,75.0,False
5.4,0.35,0.8,15,400,1615.99,18.77,63.9,8.72,19,74.0,False
5.4,0.35,0.8,20,150,1257.06,17.34,64.3,7.59,19,73.0,False
5.4,0.35,0.8,20,200,1423.31,17.39,61.7,8.14,16,73.0,False
5.4,0.35,0.8,20,288,1441.55,17.39,63.4,6.73,19,76.0,False
5.4,0.35,0.8,20,400,1307.16,17.39,64.3,6.81,18,71.0,False
5.4,0.35,0.8,30,150,1689.12,12.55,64.8,8.79,17,77.0,False
5.4,0.35,0.8,30,200,1369.07,9.82,59.5,6.91,19,80.0,False
5.4,0.35,0.8,30,288,1274.94,12.64,57.7,4.25,18,84.0,False
5.4,0.35,0.8,30,400,1317.2,14.42,55.9,5.85,19,79.0,False
5.4,0.35,0.9,5,150,872.51,19.79,57.7,4.39,19,72.0,False
5.4,0.35,0.9,5,200,931.54,23.07,59.0,7.97,18,69.0,False
5.4,0.35,0.9,5,288,1238.8,19.15,59.5,7.32,19,69.0,False
5.4,0.35,0.9,5,400,941.33,19.39,58.1,7.34,18,71.0,False
5.4,0.35,0.9,10,150,1221.5,20.0,56.8,7.17,18,85.0,False
5.4,0.35,0.9,10,200,1581.29,19.24,56.4,6.37,17,78.0,False
5.4,0.35,0.9,10,288,1209.29,20.61,57.7,8.64,17,76.0,False
5.4,0.35,0.9,10,400,1447.34,20.69,62.6,12.55,17,83.0,False
5.4,0.35,0.9,15,150,1437.65,20.16,60.4,5.05,18,87.0,False
5.4,0.35,0.9,15,200,1364.4,19.46,66.5,8.04,18,86.0,False
5.4,0.35,0.9,15,288,1174.7,18.42,57.7,6.86,17,84.0,False
5.4,0.35,0.9,15,400,1360.74,19.06,61.7,5.78,17,83.0,False
5.4,0.35,0.9,20,150,1178.92,17.35,61.2,9.5,19,86.0,False
5.4,0.35,0.9,20,200,1106.96,18.26,60.8,7.13,19,89.0,False
5.4,0.35,0.9,20,288,1122.38,16.84,64.8,7.57,19,87.0,False
5.4,0.35,0.9,20,400,1211.31,18.63,59.0,6.81,19,85.0,False
5.4,0.35,0.9,30,150,1512.99,12.88,63.0,5.21,18,90.0,False
5.4,0.35,0.9,30,200,863.94,21.35,55.5,6.03,15,93.0,False
5.4,0.35,0.9,30,288,1249.85,25.09,61.2,5.0,19,95.0,False
5.4,0.35,0.9,30,400,1381.75,24.09,57.3,8.35,18,96.0,False
5.4,0.35,1.0,5,150,896.67,19.21,55.1,6.68,17,80.0,False
5.4,0.35,1.0,5,200,1127.14,18.9,57.3,5.53,18,80.0,False
5.4,0.35,1.0,5,288,956.78,20.26,56.4,3.33,16,81.0,False
5.4,0.35,1.0,5,400,652.05,19.43,50.2,5.6,18,81.0,False
5.4,0.35,1.0,10,150,1490.59,23.63,59.0,6.26,19,90.0,False
5.4,0.35,1.0,10,200,1036.94,18.83,55.9,6.5,18,84.0,False
5.4,0.35,1.0,10,288,894.76,18.83,57.3,5.55,17,88.0,False
5.4,0.35,1.0,10,400,1094.18,21.38,54.6,5.77,18,96.0,False
5.4,0.35,1.0,15,150,1360.04,20.92,58.6,5.28,18,96.0,False
5.4,0.35,1.0,15,200,1093.61,21.46,59.9,8.48,17,93.0,False
5.4,0.35,1.0,15,288,1039.59,19.95,54.2,3.87,17,98.0,False
5.4,0.35,1.0,15,400,1148.43,19.57,59.0,6.36,17,99.0,False
5.4,0.35,1.0,20,150,1088.14,23.64,61.2,6.73,19,99.0,False
5.4,0.35,1.0,20,200,758.68,21.49,54.6,8.88,17,96.0,False
5.4,0.35,1.0,20,288,891.56,21.08,58.1,5.61,18,108.0,False
5.4,0.35,1.0,20,400,768.45,24.09,57.3,11.81,17,104.0,False
5.4,0.35,1.0,30,150,1053.21,30.98,60.8,5.07,18,106.0,False
5.4,0.35,1.0,30,200,807.84,31.63,56.4,5.07,18,105.0,False
5.4,0.35,1.0,30,288,956.68,29.74,56.8,5.59,15,112.0,False
5.4,0.35,1.0,30,400,1140.04,30.42,59.5,6.4,17,108.0,False
5.4,0.35,1.1,5,150,700.82,22.03,53.7,10.0,15,85.0,False
5.4,0.35,1.1,5,200,1049.41,20.03,54.6,7.18,17,83.0,False
5.4,0.35,1.1,5,288,801.13,18.93,51.5,6.14,17,90.0,False
5.4,0.35,1.1,5,400,988.65,20.78,59.5,4.97,17,87.0,False
5.4,0.35,1.1,10,150,967.81,19.61,58.1,4.88,18,102.0,False
5.4,0.35,1.1,10,200,793.67,20.6,55.1,5.86,19,101.0,False
5.4,0.35,1.1,10,288,766.23,32.3,52.4,7.04,17,96.0,False
5.4,0.35,1.1,10,400,800.86,30.42,52.4,8.11,16,104.0,False
5.4,0.35,1.1,15,150,904.23,24.72,54.6,8.68,15,107.0,False
5.4,0.35,1.1,15,200,627.69,24.77,51.5,5.28,14,106.0,False
5.4,0.35,1.1,15,288,635.69,32.63,52.0,2.87,13,114.0,False
5.4,0.35,1.1,15,400,761.54,34.84,55.9,7.57,14,110.0,False
5.4,0.35,1.1,20,150,920.75,27.07,54.6,7.76,16,114.0,False
5.4,0.35,1.1,20,200,698.91,29.42,54.6,5.69,16,105.0,False
5.4,0.35,1.1,20,288,812.78,31.04,50.7,5.58,15,117.0,False
5.4,0.35,1.1,20,400,882.06,21.43,57.3,5.95,17,115.0,False
5.4,0.35,1.1,30,150,740.22,57.01,54.2,6.21,16,119.0,False
5.4,0.35,1.1,30,200,925.32,26.84,55.9,10.03,16,110.0,False
5.4,0.35,1.1,30,288,491.6,28.89,49.8,1.26,16,123.0,False
5.4,0.35,1.1,30,400,592.68,50.66,50.7,0.86,14,128.0,False
5.4,0.35,1.2,5,150,641.84,26.46,50.7,1.83,16,95.0,False
5.4,0.35,1.2,5,200,771.96,25.88,51.5,4.1,16,93.0,False
5.4,0.35,1.2,5,288,592.34,23.86,50.7,5.46,14,98.0,False
5.4,0.35,1.2,5,400,375.62,27.79,54.2,5.64,14,97.0,False
5.4,0.35,1.2,10,150,641.62,32.25,54.2,5.03,14,105.0,False
5.4,0.35,1.2,10,200,917.66,21.97,53.3,5.86,16,108.0,False
5.4,0.35,1.2,10,288,523.09,26.84,52.4,4.02,14,111.0,False
5.4,0.35,1.2,10,400,341.26,28.64,51.5,1.8,12,113.0,False
5.4,0.35,1.2,15,150,558.75,32.4,50.7,2.16,13,119.0,False
5.4,0.35,1.2,15,200,711.2,30.1,54.6,10.29,16,108.0,False
5.4,0.35,1.2,15,288,400.61,50.96,42.3,0.81,10,122.0,False
5.4,0.35,1.2,15,400,570.09,36.93,51.1,7.43,15,119.0,False
5.4,0.35,1.2,20,150,700.04,32.68,54.2,4.76,15,121.0,False
5.4,0.35,1.2,20,200,602.7,41.36,51.5,4.22,16,118.0,False
5.4,0.35,1.2,20,288,411.36,36.09,52.4,2.07,15,128.0,False
5.4,0.35,1.2,20,400,616.77,35.52,51.1,2.04,13,131.0,False
5.4,0.35,1.2,30,150,483.15,29.75,55.9,3.7,14,132.0,False
5.4,0.35,1.2,30,200,750.04,25.58,48.9,4.31,15,123.0,False
5.4,0.35,1.2,30,288,455.37,39.1,48.0,5.04,15,135.0,False
5.4,0.35,1.2,30,400,359.36,59.99,48.5,2.07,14,133.0,False
5.4,0.45,0.8,5,150,1522.15,18.66,63.9,6.89,19,61.0,False
5.4,0.45,0.8,5,200,1370.78,20.22,57.7,7.58,19,57.0,False
5.4,0.45,0.8,5,288,1526.21,18.66,65.2,7.21,18,57.0,False
5.4,0.45,0.8,5,400,1464.75,18.66,59.0,6.84,18,55.0,False
5.4,0.45,0.8,10,150,1446.3,19.42,62.1,7.54,19,63.0,False
5.4,0.45,0.8,10,200,1151.53,19.42,56.8,8.54,17,67.0,False
5.4,0.45,0.8,10,288,1679.34,19.17,66.1,4.18,19,62.0,False
5.4,0.45,0.8,10,400,1561.4,19.17,67.0,6.0,18,59.0,False
5.4,0.45,0.8,15,150,1668.24,18.71,68.7,8.51,18,70.0,False
5.4,0.45,0.8,15,200,1563.59,19.71,63.4,8.93,18,66.0,False
5.4,0.45,0.8,15,288,1386.32,19.32,62.6,7.83,19,67.0,False
5.4,0.45,0.8,15,400,1724.93,18.74,67.0,8.37,19,63.0,False
5.4,0.45,0.8,20,150,1879.5,17.75,69.2,6.56,19,67.0,False
5.4,0.45,0.8,20,200,1678.8,17.47,70.0,7.96,18,69.0,False
5.4,0.45,0.8,20,288,1656.64,18.14,63.4,7.18,19,69.0,False
5.4,0.45,0.8,20,400,1894.33,17.61,70.0,5.17,19,64.0,False
5.4,0.45,0.8,30,150,1504.06,17.93,66.1,6.83,18,73.0,False
5.4,0.45,0.8,30,200,1215.58,19.15,64.8,10.22,19,75.0,False
5.4,0.45,0.8,30,288,1137.87,17.93,63.9,5.74,19,76.0,False
5.4,0.45,0.8,30,400,1574.09,17.93,63.9,9.09,19,74.0,False
5.4,0.45,0.9,5,150,1254.87,18.38,61.2,4.9,18,67.0,False
5.4,0.45,0.9,5,200,1084.49,19.32,58.6,7.53,17,65.0,False
5.4,0.45,0.9,5,288,1496.33,19.92,63.0,8.37,18,66.0,False
5.4,0.45,0.9,5,400,1370.01,19.87,60.8,7.67,19,69.0,False
5.4,0.45,0.9,10,150,1402.79,19.99,62.1,8.04,19,77.0,False
5.4,0.45,0.9,10,200,1099.16,20.02,56.4,8.29,17,76.0,False
5.4,0.45,0.9,10,288,1465.95,19.47,63.4,9.37,19,71.0,False
5.4,0.45,0.9,10,400,1119.46,19.61,60.4,8.42,19,72.0,False
5.4,0.45,0.9,15,150,1785.83,19.78,65.2,9.23,19,77.0,False
5.4,0.45,0.9,15,200,1308.91,20.62,62.6,9.5,17,76.0,False
5.4,0.45,0.9,15,288,1336.51,18.92,59.9,9.98,18,78.0,False
5.4,0.45,0.9,15,400,1474.84,19.1,63.0,5.87,19,78.0,False
5.4,0.45,0.9,20,150,1515.63,18.76,63.9,4.93,18,79.0,False
5.4,0.45,0.9,20,200,1559.49,19.43,66.5,9.11,19,79.0,False
5.4,0.45,0.9,20,288,1576.87,18.46,65.2,8.43,18,81.0,False
5.4,0.45,0.9,20,400,1736.14,18.41,62.6,8.29,15,79.0,False
5.4,0.45,0.9,30,150,1237.39,18.02,60.4,7.15,17,82.0,False
5.4,0.45,0.9,30,200,1390.51,18.01,62.1,10.47,17,86.0,False
5.4,0.45,0.9,30,288,1407.69,19.08,62.1,4.18,18,88.0,False
5.4,0.45,0.9,30,400,1188.67,18.02,58.6,7.89,18,83.0,False
5.4,0.45,1.0,5,150,695.56,19.79,52.9,6.08,17,75.0,False
5.4,0.45,1.0,5,200,1329.72,21.01,59.0,11.24,19,72.0,False
5.4,0.45,1.0,5,288,956.08,20.45,55.9,5.4,17,67.0,False
5.4,0.45,1.0,5,400,889.91,18.38,57.3,5.44,17,75.0,False
5.4,0.45,1.0,10,150,980.15,22.6,59.5,10.53,18,81.0,False
5.4,0.45,1.0,10,200,1175.42,23.25,57.7,7.39,18,81.0,False
5.4,0.45,1.0,10,288,1280.0,22.13,60.4,6.99,17,83.0,False
5.4,0.45,1.0,10,400,965.18,22.04,56.4,10.77,17,88.0,False
5.4,0.45,1.0,15,150,1346.8,18.85,62.1,5.99,19,89.0,False
5.4,0.45,1.0,15,200,1438.2,19.31,60.8,8.54,19,88.0,False
5.4,0.45,1.0,15,288,1108.27,25.13,59.5,4.97,16,89.0,False
5.4,0.45,1.0,15,400,1046.0,19.04,59.9,5.24,17,90.0,False
5.4,0.45,1.0,20,150,1348.04,17.76,60.8,8.09,19,91.0,False
5.4,0.45,1.0,20,200,892.84,17.77,59.5,3.76,17,87.0,False
5.4,0.45,1.0,20,288,951.37,24.36,54.6,5.78,16,97.0,False
5.4,0.45,1.0,20,400,900.05,22.95,60.4,5.91,16,96.0,False
5.4,0.45,1.0,30,150,1366.91,24.4,63.4,7.53,19,101.0,False
5.4,0.45,1.0,30,200,1338.73,16.58,61.7,8.32,17,100.0,False
5.4,0.45,1.0,30,288,1138.09,19.01,61.2,3.53,17,103.0,False
5.4,0.45,1.0,30,400,806.8,18.09,54.2,6.46,16,99.0,False
5.4,0.45,1.1,5,150,1019.43,18.86,53.3,4.74,18,82.0,False
5.4,0.45,1.1,5,200,698.02,23.34,53.7,7.67,16,80.0,False
5.4,0.45,1.1,5,288,548.76,22.26,53.3,5.36,15,80.0,False
5.4,0.45,1.1,5,400,1049.17,30.05,53.3,4.79,15,85.0,False
5.4,0.45,1.1,10,150,928.52,20.2,58.1,7.64,18,96.0,False
5.4,0.45,1.1,10,200,809.03,25.35,55.1,6.77,18,90.0,False
5.4,0.45,1.1,10,288,955.1,24.07,55.1,7.3,17,95.0,False
5.4,0.45,1.1,10,400,702.0,19.59,52.9,10.33,19,94.0,False
5.4,0.45,1.1,15,150,1185.63,22.24,61.7,8.0,19,99.0,False
5.4,0.45,1.1,15,200,1111.94,18.83,61.2,10.25,17,94.0,False
5.4,0.45,1.1,15,288,1034.37,21.74,58.6,4.86,18,100.0,False
5.4,0.45,1.1,15,400,1030.32,20.11,57.7,4.01,18,101.0,False
5.4,0.45,1.1,20,150,948.39,26.29,53.7,7.14,18,102.0,False
5.4,0.45,1.1,20,200,1429.58,18.68,59.9,4.86,18,99.0,False
5.4,0.45,1.1,20,288,882.59,23.76,55.1,8.78,15,106.0,False
5.4,0.45,1.1,20,400,711.24,19.23,57.7,3.58,18,106.0,False
5.4,0.45,1.1,30,150,926.31,18.3,54.2,6.67,19,114.0,False
5.4,0.45,1.1,30,200,1218.65,18.47,57.3,11.18,17,105.0,False
5.4,0.45,1.1,30,288,781.69,21.15,56.4,5.35,16,117.0,False
5.4,0.45,1.1,30,400,721.89,25.7,55.1,4.76,16,117.0,False
5.4,0.45,1.2,5,150,608.62,24.94,52.9,5.37,15,86.0,False
5.4,0.45,1.2,5,200,780.36,24.69,55.5,5.53,15,83.0,False
5.4,0.45,1.2,5,288,522.29,26.05,48.0,1.49,14,81.0,False
5.4,0.45,1.2,5,400,249.79,30.05,49.8,0.41,12,88.0,False
5.4,0.45,1.2,10,150,451.57,27.35,54.2,6.14,18,100.0,False
5.4,0.45,1.2,10,200,641.51,30.53,50.7,5.97,16,100.0,False
5.4,0.45,1.2,10,288,879.16,26.51,52.9,5.68,14,106.0,False
5.4,0.45,1.2,10,400,724.07,29.14,51.5,2.67,13,106.0,False
5.4,0.45,1.2,15,150,640.33,24.04,55.1,6.81,17,112.0,False
5.4,0.45,1.2,15,200,1023.91,26.58,57.7,6.51,17,104.0,False
5.4,0.45,1.2,15,288,705.29,26.92,52.9,3.21,16,115.0,False
5.4,0.45,1.2,15,400,687.48,36.74,53.7,4.83,17,110.0,False
5.4,0.45,1.2,20,150,709.19,49.06,53.3,8.34,14,118.0,False
5.4,0.45,1.2,20,200,683.55,41.3,51.5,7.51,16,108.0,False
5.4,0.45,1.2,20,288,878.62,21.94,53.7,7.7,15,119.0,False
5.4,0.45,1.2,20,400,425.43,37.61,50.2,3.29,14,115.0,False
5.4,0.45,1.2,30,150,519.63,35.44,52.0,1.82,13,124.0,False
5.4,0.45,1.2,30,200,800.71,19.01,54.6,5.34,16,119.0,False
5.4,0.45,1.2,30,288,630.13,37.09,50.7,8.17,15,127.0,False
5.4,0.45,1.2,30,400,747.3,32.91,53.3,6.31,18,130.0,False
5.4,0.55,0.8,5,150,1408.88,18.39,58.1,6.67,19,52.0,False
5.4,0.55,0.8,5,200,1376.72,19.84,62.1,7.0,19,50.0,False
5.4,0.55,0.8,5,288,1634.48,19.84,64.8,5.06,19,52.0,False
5.4,0.55,0.8,5,400,1280.72,19.84,56.4,5.38,17,50.0,False
5.4,0.55,0.8,10,150,1357.79,20.4,65.6,5.52,17,60.0,False
5.4,0.55,0.8,10,200,1611.9,19.53,66.5,6.16,19,58.0,False
5.4,0.55,0.8,10,288,1644.2,19.81,66.1,6.63,19,56.0,False
5.4,0.55,0.8,10,400,1450.59,20.65,62.6,5.81,19,58.0,False
5.4,0.55,0.8,15,150,1270.72,18.7,63.0,6.9,18,63.0,False
5.4,0.55,0.8,15,200,1525.06,18.7,67.4,7.85,18,61.0,False
5.4,0.55,0.8,15,288,1582.39,19.26,63.0,5.28,18,62.0,False
5.4,0.55,0.8,15,400,1512.74,19.71,63.9,8.82,19,58.0,False
5.4,0.55,0.8,20,150,1392.09,18.71,63.4,6.61,17,62.0,False
5.4,0.55,0.8,20,200,1507.22,17.39,67.0,7.15,17,60.0,False
5.4,0.55,0.8,20,288,1782.12,18.01,64.8,7.56,18,64.0,False
5.4,0.55,0.8,20,400,1369.74,18.12,63.4,6.02,18,61.0,False
5.4,0.55,0.8,30,150,1676.98,18.26,68.3,9.8,18,65.0,False
5.4,0.55,0.8,30,200,1673.09,18.26,66.1,6.16,18,71.0,False
5.4,0.55,0.8,30,288,1434.86,18.27,59.9,6.26,17,71.0,False
5.4,0.55,0.8,30,400,1579.59,14.64,65.2,7.47,16,67.0,False
5.4,0.55,0.9,5,150,1335.04,18.81,57.3,4.31,18,63.0,False
5.4,0.55,0.9,5,200,1112.88,20.42,55.9,7.16,18,58.0,False
5.4,0.55,0.9,5,288,1300.59,18.39,59.9,7.39,19,56.0,False
5.4,0.55,0.9,5,400,1139.34,18.44,61.7,7.45,18,55.0,False
5.4,0.55,0.9,10,150,1265.17,20.43,59.9,6.67,19,68.0,False
5.4,0.55,0.9,10,200,1422.23,20.02,63.9,6.87,18,69.0,False
5.4,0.55,0.9,10,288,1268.91,19.56,60.8,6.71,18,67.0,False
5.4,0.55,0.9,10,400,965.77,19.36,57.7,7.97,18,67.0,False
5.4,0.55,0.9,15,150,1555.15,20.23,63.9,8.34,19,70.0,False
5.4,0.55,0.9,15,200,1418.13,19.5,63.9,9.11,19,74.0,False
5.4,0.55,0.9,15,288,1438.53,18.14,61.7,9.5,17,71.0,False
5.4,0.55,0.9,15,400,1412.26,18.14,63.0,5.52,17,73.0,False
5.4,0.55,0.9,20,150,1644.32,18.71,67.4,10.45,19,77.0,False
5.4,0.55,0.9,20,200,1516.6,18.71,65.6,6.28,17,71.0,False
5.4,0.55,0.9,20,288,1398.81,18.66,61.7,6.96,17,72.0,False
5.4,0.55,0.9,20,400,1396.76,18.66,65.2,5.67,17,74.0,False
5.4,0.55,0.9,30,150,1590.27,18.38,64.3,5.91,18,78.0,False
5.4,0.55,0.9,30,200,1626.46,18.38,63.0,5.57,18,82.0,False
5.4,0.55,0.9,30,288,1025.44,18.7,60.4,5.03,18,85.0,False
5.4,0.55,0.9,30,400,1505.85,18.86,61.2,8.18,18,82.0,False
5.4,0.55,1.0,5,150,929.58,18.04,56.4,5.06,16,68.0,False
5.4,0.55,1.0,5,200,1081.51,18.06,52.9,3.21,16,62.0,False
5.4,0.55,1.0,5,288,781.01,19.12,57.3,8.89,18,68.0,False
5.4,0.55,1.0,5,400,1292.65,18.48,57.7,7.03,19,63.0,False
5.4,0.55,1.0,10,150,1023.95,20.17,60.8,4.59,17,76.0,False
5.4,0.55,1.0,10,200,1403.33,21.01,65.2,4.81,18,74.0,False
5.4,0.55,1.0,10,288,1013.26,21.77,57.3,6.02,17,74.0,False
5.4,0.55,1.0,10,400,1024.25,20.48,52.0,6.6,18,78.0,False
5.4,0.55,1.0,15,150,1738.15,19.35,62.6,8.87,19,83.0,False
5.4,0.55,1.0,15,200,1130.93,20.06,58.1,7.21,16,80.0,False
5.4,0.55,1.0,15,288,1431.53,19.85,59.0,7.33,18,79.0,False
5.4,0.55,1.0,15,400,1413.47,19.79,58.6,10.84,18,80.0,False
5.4,0.55,1.0,20,150,1328.47,18.71,62.6,6.78,18,87.0,False
5.4,0.55,1.0,20,200,1357.76,18.71,59.5,11.74,18,83.0,False
5.4,0.55,1.0,20,288,1193.67,19.18,60.8,4.44,17,88.0,False
5.4,0.55,1.0,20,400,925.65,18.86,57.7,6.86,19,88.0,False
5.4,0.55,1.0,30,150,1413.74,20.96,59.5,5.2,19,91.0,False
5.4,0.55,1.0,30,200,1197.01,18.18,61.2,7.6,18,94.0,False
5.4,0.55,1.0,30,288,978.83,17.74,52.9,3.43,16,98.0,False
5.4,0.55,1.0,30,400,1122.77,17.69,59.5,8.39,18,94.0,False
5.4,0.55,1.1,5,150,896.7,18.78,57.3,8.3,17,76.0,False
5.4,0.55,1.1,5,200,677.2,18.04,55.1,3.87,17,72.0,False
5.4,0.55,1.1,5,288,827.04,18.84,56.4,2.64,17,72.0,False
5.4,0.55,1.1,5,400,899.81,21.2,57.7,4.83,17,74.0,False
5.4,0.55,1.1,10,150,1184.55,22.83,58.6,10.1,19,84.0,False
5.4,0.55,1.1,10,200,1017.45,21.72,57.7,4.1,17,80.0,False
5.4,0.55,1.1,10,288,736.28,30.48,57.3,5.46,15,88.0,False
5.4,0.55,1.1,10,400,938.9,22.69,55.9,5.98,17,87.0,False
5.4,0.55,1.1,15,150,975.14,26.98,54.2,10.15,17,89.0,False
5.4,0.55,1.1,15,200,1096.91,18.96,62.1,9.72,18,88.0,False
5.4,0.55,1.1,15,288,1089.12,18.06,58.1,5.6,17,94.0,False
5.4,0.55,1.1,15,400,1073.47,19.19,59.5,5.74,18,90.0,False
5.4,0.55,1.1,20,150,638.84,19.71,55.9,8.06,17,97.0,False
5.4,0.55,1.1,20,200,974.95,19.79,59.9,5.71,16,96.0,False
5.4,0.55,1.1,20,288,834.63,22.64,59.0,4.75,16,100.0,False
5.4,0.55,1.1,20,400,751.19,25.41,56.8,8.26,17,100.0,False
5.4,0.55,1.1,30,150,832.08,19.98,55.9,6.71,16,101.0,False
5.4,0.55,1.1,30,200,1318.79,17.58,53.7,6.76,17,102.0,False
5.4,0.55,1.1,30,288,717.83,24.31,52.0,8.27,17,106.0,False
5.4,0.55,1.1,30,400,1142.6,23.35,54.6,4.65,15,111.0,False
5.4,0.55,1.2,5,150,786.96,19.35,54.6,6.69,18,83.0,False
5.4,0.55,1.2,5,200,840.39,21.58,53.3,7.29,17,73.0,False
5.4,0.55,1.2,5,288,847.57,19.59,54.2,11.55,18,76.0,False
5.4,0.55,1.2,5,400,596.49,25.98,52.0,1.57,14,77.0,False
5.4,0.55,1.2,10,150,712.86,29.35,54.2,7.16,13,98.0,False
5.4,0.55,1.2,10,200,804.81,22.4,59.5,2.22,15,88.0,False
5.4,0.55,1.2,10,288,823.4,21.58,54.6,1.83,16,97.0,False
5.4,0.55,1.2,10,400,865.98,21.58,54.2,5.53,18,99.0,False
5.4,0.55,1.2,15,150,664.82,25.96,55.9,11.89,14,97.0,False
5.4,0.55,1.2,15,200,1022.67,20.22,55.5,5.06,18,94.0,False
5.4,0.55,1.2,15,288,839.61,18.95,53.3,7.72,16,105.0,False
5.4,0.55,1.2,15,400,818.11,20.84,59.9,8.56,19,106.0,False
5.4,0.55,1.2,20,150,681.78,33.82,52.9,6.48,17,106.0,False
5.4,0.55,1.2,20,200,811.54,27.52,58.1,8.64,16,101.0,False
5.4,0.55,1.2,20,288,517.26,28.23,54.2,6.68,17,108.0,False
5.4,0.55,1.2,20,400,493.53,30.1,51.5,2.82,15,110.0,False
5.4,0.55,1.2,30,150,875.03,26.05,53.3,4.35,16,117.0,False
5.4,0.55,1.2,30,200,838.39,19.15,52.9,4.64,16,112.0,False
5.4,0.55,1.2,30,288,690.25,24.66,55.1,6.49,18,117.0,False
5.4,0.55,1.2,30,400,669.68,33.78,53.7,6.0,15,117.0,False
5.4,0.65,0.8,5,150,1297.94,21.15,57.7,6.42,17,48.0,False
5.4,0.65,0.8,5,200,1523.47,21.15,62.6,7.63,18,49.0,False
5.4,0.65,0.8,5,288,1412.94,21.15,62.1,7.19,17,49.0,False
5.4,0.65,0.8,5,400,1372.84,20.19,58.6,6.67,17,49.0,False
5.4,0.65,0.8,10,150,1669.95,19.45,63.4,7.91,18,55.0,False
5.4,0.65,0.8,10,200,1745.58,19.45,67.0,7.37,19,55.0,False
5.4,0.65,0.8,10,288,1385.15,19.45,65.6,7.95,17,55.0,False
5.4,0.65,0.8,10,400,1465.5,19.45,66.1,9.44,18,56.0,False
5.4,0.65,0.8,15,150,1499.1,19.57,62.6,7.26,19,56.0,False
5.4,0.65,0.8,15,200,1638.29,19.65,70.5,9.61,19,57.0,False
5.4,0.65,0.8,15,288,1465.88,19.99,67.0,10.07,18,56.0,False
5.4,0.65,0.8,15,400,1510.01,18.78,64.8,6.42,19,53.0,False
5.4,0.65,0.8,20,150,1529.09,18.95,64.8,7.26,17,61.0,False
5.4,0.65,0.8,20,200,1631.58,17.73,63.0,6.91,19,61.0,False
5.4,0.65,0.8,20,288,1596.93,17.53,66.1,7.09,18,65.0,False
5.4,0.65,0.8,20,400,1833.7,18.01,67.8,8.21,18,61.0,False
5.4,0.65,0.8,30,150,1809.35,18.61,67.4,4.8,18,62.0,False
5.4,0.65,0.8,30,200,1791.56,19.97,65.2,9.3,18,65.0,False
5.4,0.65,0.8,30,288,1473.35,18.62,64.8,4.74,18,65.0,False
5.4,0.65,0.8,30,400,1592.06,14.66,62.1,9.16,18,60.0,False
5.4,0.65,0.9,5,150,1282.21,21.26,58.1,9.07,17,60.0,False
5.4,0.65,0.9,5,200,1096.69,20.28,58.1,3.43,16,52.0,False
5.4,0.65,0.9,5,288,1207.24,20.23,58.6,7.45,17,59.0,False
5.4,0.65,0.9,5,400,1076.12,20.25,54.2,5.69,17,53.0,False
5.4,0.65,0.9,10,150,1325.37,21.14,64.8,6.75,19,62.0,False
5.4,0.65,0.9,10,200,1408.37,19.43,63.0,6.29,18,64.0,False
5.4,0.65,0.9,10,288,1399.39,20.0,60.4,6.94,17,64.0,False
5.4,0.65,0.9,10,400,1194.88,19.94,63.4,7.41,19,59.0,False
5.4,0.65,0.9,15,150,1015.9,18.86,62.6,8.29,17,70.0,False
5.4,0.65,0.9,15,200,2025.69,18.84,70.5,6.34,19,64.0,False
5.4,0.65,0.9,15,288,1499.26,20.14,68.7,8.5,19,66.0,False
5.4,0.65,0.9,15,400,1199.91,18.25,60.8,8.28,18,64.0,False
5.4,0.65,0.9,20,150,1013.13,18.95,59.0,5.9,18,67.0,False
5.4,0.65,0.9,20,200,1610.34,19.7,68.7,7.83,16,67.0,False
5.4,0.65,0.9,20,288,1432.68,19.28,65.6,6.37,18,69.0,False
5.4,0.65,0.9,20,400,1716.93,19.22,67.4,8.64,17,72.0,False
5.4,0.65,0.9,30,150,1615.88,19.3,68.3,8.52,17,73.0,False
5.4,0.65,0.9,30,200,1361.22,19.34,61.7,6.83,19,75.0,False
5.4,0.65,0.9,30,288,1693.52,18.18,62.6,6.68,16,78.0,False
5.4,0.65,0.9,30,400,1394.76,19.35,60.8,6.57,17,76.0,False
5.4,0.65,1.0,5,150,856.92,19.79,53.7,6.81,19,63.0,False
5.4,0.65,1.0,5,200,958.71,19.78,58.1,4.81,15,62.0,False
5.4,0.65,1.0,5,288,781.12,20.68,56.8,5.76,17,64.0,False
5.4,0.65,1.0,5,400,795.83,19.64,58.6,9.41,18,61.0,False
5.4,0.65,1.0,10,150,721.23,22.31,56.4,8.99,17,69.0,False
5.4,0.65,1.0,10,200,1259.87,21.05,61.2,10.85,17,65.0,False
5.4,0.65,1.0,10,288,1023.38,22.01,59.0,8.19,18,69.0,False
5.4,0.65,1.0,10,400,1244.46,21.97,58.6,5.54,18,75.0,False
5.4,0.65,1.0,15,150,1306.76,19.98,59.5,5.82,17,72.0,False
5.4,0.65,1.0,15,200,1390.2,19.01,63.4,8.17,19,74.0,False
5.4,0.65,1.0,15,288,1144.26,19.09,59.0,13.87,19,75.0,False
5.4,0.65,1.0,15,400,1366.59,19.21,62.6,7.44,18,75.0,False
5.4,0.65,1.0,20,150,1227.17,20.84,59.0,7.2,18,78.0,False
5.4,0.65,1.0,20,200,1596.44,22.56,61.2,8.58,16,76.0,False
5.4,0.65,1.0,20,288,1115.91,19.97,59.9,6.2,19,79.0,False
5.4,0.65,1.0,20,400,1299.64,20.21,64.3,3.87,18,79.0,False
5.4,0.65,1.0,30,150,1294.43,19.46,65.6,12.3,17,84.0,False
5.4,0.65,1.0,30,200,965.07,19.01,59.5,4.96,18,83.0,False
5.4,0.65,1.0,30,288,937.6,18.75,61.7,4.31,18,87.0,False
5.4,0.65,1.0,30,400,1067.13,17.95,55.5,4.98,15,86.0,False
5.4,0.65,1.1,5,150,742.06,19.72,55.5,4.02,16,67.0,False
5.4,0.65,1.1,5,200,1074.42,19.58,55.9,5.93,18,69.0,False
5.4,0.65,1.1,5,288,728.43,19.1,60.8,8.68,17,68.0,False
5.4,0.65,1.1,5,400,822.33,24.69,53.7,2.26,16,66.0,False
5.4,0.65,1.1,10,150,940.82,20.27,59.9,5.19,16,82.0,False
5.4,0.65,1.1,10,200,1230.46,22.47,62.6,7.08,18,75.0,False
5.4,0.65,1.1,10,288,897.99,24.89,60.8,8.09,16,84.0,False
5.4,0.65,1.1,10,400,895.85,21.74,58.1,6.85,15,79.0,False
5.4,0.65,1.1,15,150,1326.98,25.11,59.5,9.33,18,85.0,False
5.4,0.65,1.1,15,200,1086.18,19.09,58.1,7.16,19,80.0,False
5.4,0.65,1.1,15,288,1168.29,19.41,58.6,8.45,16,83.0,False
5.4,0.65,1.1,15,400,1244.11,19.41,59.5,8.14,19,80.0,False
5.4,0.65,1.1,20,150,768.56,18.8,56.8,4.39,18,90.0,False
5.4,0.65,1.1,20,200,1066.47,20.88,60.4,5.84,17,87.0,False
5.4,0.65,1.1,20,288,1079.06,19.36,58.6,5.38,18,92.0,False
5.4,0.65,1.1,20,400,907.81,19.37,57.3,6.03,16,90.0,False
5.4,0.65,1.1,30,150,1147.42,24.11,59.9,8.46,17,94.0,False
5.4,0.65,1.1,30,200,987.86,17.12,58.1,8.5,18,92.0,False
5.4,0.65,1.1,30,288,867.22,17.82,56.4,4.63,17,98.0,False
5.4,0.65,1.1,30,400,1312.68,18.41,59.0,8.38,18,98.0,False
5.4,0.65,1.2,5,150,653.13,21.83,54.6,4.27,17,71.0,False
5.4,0.65,1.2,5,200,575.84,21.84,53.3,3.98,15,71.0,False
5.4,0.65,1.2,5,288,540.63,21.1,53.3,4.62,16,75.0,False
5.4,0.65,1.2,5,400,711.83,18.55,55.9,7.66,17,72.0,False
5.4,0.65,1.2,10,150,929.93,20.95,53.7,5.34,18,89.0,False
5.4,0.65,1.2,10,200,982.01,19.94,57.7,7.5,16,81.0,False
5.4,0.65,1.2,10,288,789.92,21.57,54.2,6.63,15,84.0,False
5.4,0.65,1.2,10,400,641.12,24.35,53.3,5.11,16,86.0,False
5.4,0.65,1.2,15,150,784.96,23.37,59.0,8.25,18,91.0,False
5.4,0.65,1.2,15,200,876.98,19.56,59.0,5.32,16,86.0,False
5.4,0.65,1.2,15,288,854.98,19.52,52.9,5.03,16,92.0,False
5.4,0.65,1.2,15,400,996.13,20.13,58.6,9.46,18,94.0,False
5.4,0.65,1.2,20,150,954.71,19.06,58.6,9.21,17,99.0,False
5.4,0.65,1.2,20,200,994.11,25.47,60.4,9.07,16,95.0,False
5.4,0.65,1.2,20,288,931.37,23.54,57.3,8.01,18,99.0,False
5.4,0.65,1.2,20,400,834.29,21.13,54.2,4.31,18,101.0,False
5.4,0.65,1.2,30,150,963.1,34.35,55.1,3.01,16,106.0,False
5.4,0.65,1.2,30,200,844.9,28.12,53.7,5.27,16,99.0,False
5.4,0.65,1.2,30,288,793.13,21.22,54.6,9.49,14,107.0,False
5.4,0.65,1.2,30,400,895.35,17.48,55.9,6.24,14,111.0,False
5.4,0.75,0.8,5,150,1330.52,20.7,60.4,4.92,15,46.0,False
5.4,0.75,0.8,5,200,953.85,20.7,53.7,7.34,16,43.0,False
5.4,0.75,0.8,5,288,1113.03,20.7,59.0,9.06,18,46.0,False
5.4,0.75,0.8,5,400,1354.56,20.85,60.8,6.42,18,44.0,False
5.4,0.75,0.8,10,150,1476.52,21.42,68.3,6.6,19,51.0,False
5.4,0.75,0.8,10,200,1506.57,20.9,65.6,6.36,18,53.0,False
5.4,0.75,0.8,10,288,1419.39,21.41,63.0,4.32,19,51.0,False
5.4,0.75,0.8,10,400,1599.47,21.09,67.0,5.54,18,51.0,False
5.4,0.75,0.8,15,150,1547.62,18.91,65.2,8.58,19,50.0,False
5.4,0.75,0.8,15,200,1912.16,18.91,68.7,11.01,19,52.0,False
5.4,0.75,0.8,15,288,1472.99,18.85,66.1,8.3,19,52.0,False
5.4,0.75,0.8,15,400,1686.05,18.85,66.1,7.69,19,53.0,False
5.4,0.75,0.8,20,150,1713.93,17.5,68.7,5.2,19,58.0,False
5.4,0.75,0.8,20,200,1381.95,17.92,60.8,7.93,18,58.0,False
5.4,0.75,0.8,20,288,1238.33,19.85,64.8,8.67,18,58.0,False
5.4,0.75,0.8,20,400,1443.53,17.69,65.6,5.55,19,59.0,False
5.4,0.75,0.8,30,150,1677.33,13.93,62.6,5.33,19,58.0,False
5.4,0.75,0.8,30,200,1336.54,13.93,63.0,8.22,17,59.0,False
5.4,0.75,0.8,30,288,1331.56,15.52,61.2,6.41,19,61.0,False
5.4,0.75,0.8,30,400,1338.21,14.2,64.3,6.72,18,56.0,False
5.4,0.75,0.9,5,150,1064.14,22.51,53.7,7.02,17,52.0,False
5.4,0.75,0.9,5,200,1057.05,23.72,54.6,3.91,18,50.0,False
5.4,0.75,0.9,5,288,850.26,22.67,55.9,7.17,16,53.0,False
5.4,0.75,0.9,5,400,1325.69,20.7,58.1,6.47,19,51.0,False
5.4,0.75,0.9,10,150,1274.22,21.5,67.4,4.21,17,56.0,False
5.4,0.75,0.9,10,200,1014.96,21.06,63.0,9.55,19,59.0,False
5.4,0.75,0.9,10,288,1352.78,21.79,60.8,4.37,18,60.0,False
5.4,0.75,0.9,10,400,1477.03,22.08,66.5,8.78,18,61.0,False
5.4,0.75,0.9,15,150,1572.96,19.24,64.8,9.02,18,62.0,False
5.4,0.75,0.9,15,200,1240.36,20.66,60.4,8.01,18,59.0,False
5.4,0.75,0.9,15,288,1347.06,19.74,64.3,9.69,19,61.0,False
5.4,0.75,0.9,15,400,1311.58,19.08,64.8,6.18,19,61.0,False
5.4,0.75,0.9,20,150,1344.63,18.85,59.9,5.42,19,67.0,False
5.4,0.75,0.9,20,200,1639.4,18.99,67.0,7.49,18,64.0,False
5.4,0.75,0.9,20,288,1259.06,18.8,61.2,8.55,19,66.0,False
5.4,0.75,0.9,20,400,1358.2,18.76,65.2,7.44,18,66.0,False
5.4,0.75,0.9,30,150,1339.66,18.16,63.4,6.02,18,66.0,False
5.4,0.75,0.9,30,200,1460.47,17.91,66.5,5.92,19,71.0,False
5.4,0.75,0.9,30,288,1492.5,18.2,66.5,5.85,18,70.0,False
5.4,0.75,0.9,30,400,1661.72,18.43,62.1,3.53,19,69.0,False
5.4,0.75,1.0,5,150,698.8,20.28,56.4,4.12,17,61.0,False
5.4,0.75,1.0,5,200,788.15,22.27,55.1,6.79,16,58.0,False
5.4,0.75,1.0,5,288,897.09,21.77,56.8,6.4,18,57.0,False
5.4,0.75,1.0,5,400,857.72,23.28,53.3,7.24,18,54.0,False
5.4,0.75,1.0,10,150,1155.81,21.27,62.1,9.53,15,67.0,False
5.4,0.75,1.0,10,200,925.36,23.9,57.3,9.21,17,62.0,False
5.4,0.75,1.0,10,288,964.89,21.9,57.3,6.97,17,65.0,False
5.4,0.75,1.0,10,400,1301.25,21.52,54.6,6.15,17,66.0,False
5.4,0.75,1.0,15,150,1602.42,18.86,69.2,10.47,18,73.0,False
5.4,0.75,1.0,15,200,1566.53,19.24,65.2,7.51,18,69.0,False
5.4,0.75,1.0,15,288,1439.97,18.17,61.2,9.02,18,69.0,False
5.4,0.75,1.0,15,400,1200.36,19.95,61.7,7.08,18,67.0,False
5.4,0.75,1.0,20,150,1173.05,18.85,64.8,8.25,19,74.0,False
5.4,0.75,1.0,20,200,1828.6,18.85,66.5,8.56,19,76.0,False
5.4,0.75,1.0,20,288,1464.19,18.85,64.8,6.98,19,81.0,False
5.4,0.75,1.0,20,400,1113.82,18.85,61.2,6.71,16,76.0,False
5.4,0.75,1.0,30,150,1623.85,17.55,66.1,8.73,17,79.0,False
5.4,0.75,1.0,30,200,1173.98,16.96,59.5,6.2,19,78.0,False
5.4,0.75,1.0,30,288,1538.15,16.94,64.8,7.12,18,81.0,False
5.4,0.75,1.0,30,400,1127.07,16.89,59.0,4.26,19,81.0,False
5.4,0.75,1.1,5,150,940.28,20.7,54.6,6.58,17,64.0,False
5.4,0.75,1.1,5,200,701.41,20.7,52.9,6.01,16,61.0,False
5.4,0.75,1.1,5,288,525.17,19.52,54.2,2.98,16,63.0,False
5.4,0.75,1.1,5,400,666.42,22.17,54.2,7.55,18,64.0,False
5.4,0.75,1.1,10,150,937.35,23.16,58.6,9.78,16,76.0,False
5.4,0.75,1.1,10,200,550.69,21.63,55.5,6.18,14,72.0,False
5.4,0.75,1.1,10,288,1111.59,23.92,57.3,8.56,16,72.0,False
5.4,0.75,1.1,10,400,704.93,22.69,55.9,5.67,18,73.0,False
5.4,0.75,1.1,15,150,1130.64,18.58,55.1,6.42,18,80.0,False
5.4,0.75,1.1,15,200,1184.39,18.45,59.9,6.84,18,75.0,False
5.4,0.75,1.1,15,288,920.26,18.18,57.3,6.36,17,75.0,False
5.4,0.75,1.1,15,400,1013.84,18.95,58.1,6.11,18,77.0,False
5.4,0.75,1.1,20,150,1328.13,19.53,60.8,7.57,18,82.0,False
5.4,0.75,1.1,20,200,952.57,19.42,60.8,4.71,17,82.0,False
5.4,0.75,1.1,20,288,1074.95,21.41,58.6,4.73,19,85.0,False
5.4,0.75,1.1,20,400,1221.58,20.48,59.0,6.2,18,84.0,False
5.4,0.75,1.1,30,150,917.04,16.86,55.9,6.25,19,89.0,False
5.4,0.75,1.1,30,200,1269.48,18.66,56.8,11.02,19,84.0,False
5.4,0.75,1.1,30,288,1055.32,16.56,57.3,8.58,16,89.0,False
5.4,0.75,1.1,30,400,1485.04,16.86,60.4,8.31,18,96.0,False
5.4,0.75,1.2,5,150,562.8,24.09,48.9,4.36,15,70.0,False
5.4,0.75,1.2,5,200,862.31,20.82,54.6,2.07,18,68.0,False
5.4,0.75,1.2,5,288,631.71,21.47,55.5,4.71,16,65.0,False
5.4,0.75,1.2,5,400,778.52,23.16,54.6,9.87,16,66.0,False
5.4,0.75,1.2,10,150,593.03,28.97,54.2,2.68,13,81.0,False
5.4,0.75,1.2,10,200,788.24,23.47,57.7,9.69,15,79.0,False
5.4,0.75,1.2,10,288,760.76,29.09,55.5,3.96,16,82.0,False
5.4,0.75,1.2,10,400,708.18,25.1,55.5,4.44,16,83.0,False
5.4,0.75,1.2,15,150,1031.77,18.78,58.6,8.75,17,82.0,False
5.4,0.75,1.2,15,200,988.11,22.15,57.3,10.34,18,83.0,False
5.4,0.75,1.2,15,288,697.25,18.54,56.4,10.02,16,83.0,False
5.4,0.75,1.2,15,400,734.94,18.57,56.8,6.99,19,86.0,False
5.4,0.75,1.2,20,150,645.0,22.46,54.6,3.98,15,96.0,False
5.4,0.75,1.2,20,200,1065.76,22.0,55.9,6.49,16,87.0,False
5.4,0.75,1.2,20,288,760.59,20.97,54.6,3.46,15,95.0,False
5.4,0.75,1.2,20,400,702.08,23.56,56.4,6.09,15,95.0,False
5.4,0.75,1.2,30,150,894.73,17.96,55.9,4.79,18,104.0,False
5.4,0.75,1.2,30,200,1047.01,19.9,59.9,6.49,18,95.0,False
5.4,0.75,1.2,30,288,889.15,19.13,52.0,5.95,17,104.0,False
5.4,0.75,1.2,30,400,663.27,20.31,50.2,5.51,15,106.0,False
